name,lon,lat,region,SDC_vs30_530,s1_vs30_530,sds_vs30_530,sd1_vs30_530,Sdsfr_vs30_530_beta_0p5,Sd1fr_vs30_530_beta_0p5,Sdsfr_vs30_530_beta_0p6,Sd1fr_vs30_530_beta_0p6,Sdsfr_vs30_530_beta_0p7,Sd1fr_vs30_530_beta_0p7,Sdsfr_vs30_530_beta_1p0,Sd1fr_vs30_530_beta_1p0,SDC_vs30_760,s1_vs30_760,sds_vs30_760,sd1_vs30_760,Sdsfr_vs30_760_beta_0p5,Sd1fr_vs30_760_beta_0p5,Sdsfr_vs30_760_beta_0p6,Sd1fr_vs30_760_beta_0p6,Sdsfr_vs30_760_beta_0p7,Sd1fr_vs30_760_beta_0p7,Sdsfr_vs30_760_beta_1p0,Sd1fr_vs30_760_beta_1p0,SDC_vs30_265,s1_vs30_265,sds_vs30_265,sd1_vs30_265,Sdsfr_vs30_265_beta_0p5,Sd1fr_vs30_265_beta_0p5,Sdsfr_vs30_265_beta_0p6,Sd1fr_vs30_265_beta_0p6,Sdsfr_vs30_265_beta_0p7,Sd1fr_vs30_265_beta_0p7,Sdsfr_vs30_265_beta_1p0,Sd1fr_vs30_265_beta_1p0
Atmore AL,-87.5,31,CEUS,B,0.071,0.093,0.067,0.0434130924480615,0.0241985931843791,0.0432458930123379,0.0237202145467506,0.0435562783507716,0.0234877981394689,0.0469714399852729,0.0238236410893119,A,0.071,0.08,0.052,0.0371855235891194,0.0191804741179357,0.0370458456402975,0.0188594334365445,0.0372802343539806,0.0186651453826621,0.0400477451457607,0.0184506403736757,B,0.071,0.12,0.1,0.0568600819922971,0.0396865287692555,0.0566380945076138,0.03901248405392,0.057013388776987,0.0387101629769023,0.0621666132291789,0.0398439536611248
Birmingham AL,-86.8,33.5,CEUS,B,0.12,0.23,0.1,0.104027221972949,0.0388749270109973,0.10362048328852,0.0382425495605875,0.104426354513795,0.0379887141335684,0.113993762974282,0.0392863407693199,B,0.12,0.2,0.079,0.0901094967322475,0.0303049523746851,0.0897314659447259,0.0298375814587571,0.0903550073912102,0.0296454226783057,0.0984246887257421,0.030410356993894,C,0.12,0.26,0.16,0.130840863482057,0.063212044307661,0.130582353167605,0.0621447562409828,0.131879669407653,0.0617610586699754,0.145052560732887,0.0643662461715228
El Dorado AR,-92.7,33.2,CEUS,B,0.11,0.17,0.097,0.0685335617710839,0.0302402156102992,0.0674241995014133,0.029474032542474,0.0671109107111025,0.0289819178514914,0.0708674286293846,0.028823708732831,B,0.11,0.15,0.075,0.0590244763589846,0.0234590688420973,0.0580404346911768,0.0227541697066281,0.0577431982799121,0.0223398053744437,0.0608467686611091,0.0219868005052237,C,0.11,0.21,0.15,0.0880452453198911,0.0493670952227725,0.0867649336778793,0.0480624340729526,0.0865107358154686,0.0472359061110137,0.0918440009638137,0.0475685583161786
Greenbrier AR,-92.4,35.2,CEUS,C,0.18,0.42,0.16,0.178679365733219,0.0513390096730191,0.174975772355248,0.0498872539510357,0.173091525896868,0.0489071911705503,0.178275207281119,0.0487274940810063,C,0.18,0.38,0.12,0.157493053391304,0.0400291722708821,0.154122276790842,0.0388976345037928,0.152320470991299,0.0381322354187235,0.156213325110538,0.0378589207392171,D,0.18,0.44,0.25,0.209905509019706,0.0831570191077456,0.206389138581967,0.0807687026545552,0.205061757353797,0.0791998261266786,0.214457282297771,0.0792314347101461
Little Rock AR,-92.3,34.75,CEUS,C,0.17,0.36,0.15,0.145097223254824,0.0463633731325733,0.142323158289655,0.0449414931068283,0.141087606139267,0.0439733351629572,0.146727042564764,0.0437430398608628,B,0.17,0.32,0.11,0.126909200639257,0.036127987336757,0.124391106663152,0.0350177317081735,0.123202874441624,0.034259511268166,0.127733186005293,0.0339071485931375,D,0.17,0.39,0.23,0.175658144570211,0.0752375246104761,0.172819239144261,0.0729307223928797,0.171961538499254,0.0714681016194516,0.181148284579565,0.0714751769931008
Grand Canyon Village AZ,-112.15,36.05,WUS,B,0.11,0.31,0.11,0.139123940461914,0.0481721336206774,0.138739558759813,0.0484813480106916,0.139870377223378,0.049339075401456,0.151974971115805,0.0552784042995129,B,0.11,0.26,0.075,0.111246532524004,0.0332180684430734,0.110923520689503,0.0334704218223631,0.111813203877178,0.0341614147029144,0.121395209759368,0.0382797088760035,D,0.11,0.39,0.2,0.197829504376755,0.0915593961530367,0.198014283464874,0.0921896063695417,0.20039545895069,0.0940158089660722,0.221036353133234,0.106039783363574
Palo Verde AZ,-112.85,33.4,WUS,B,0.076,0.12,0.073,0.0612117854879652,0.0441706721568341,0.0632195943878192,0.0457312530924207,0.0660470344474011,0.0479135290364013,0.0818494171260833,0.0586546284336327,A,0.076,0.094,0.051,0.0447359204438243,0.0310729720011501,0.0460596146097307,0.0317542297356564,0.0479496262273824,0.032802373389258,0.0590071828311617,0.0402500548517717,C,0.076,0.19,0.15,0.111353531143154,0.0860433885938395,0.115283664601475,0.0889059785225392,0.120848338498418,0.0929804779417338,0.150154528390966,0.114844976824819
Phoenix AZ,-112.1,33.45,WUS,A,0.057,0.13,0.055,0.0553032494788232,0.0273252842858957,0.0553585967664685,0.027640556723688,0.0560014718530251,0.0282699017313939,0.0620451887039265,0.0315300697909095,A,0.057,0.11,0.038,0.0438120068370129,0.0193154300377631,0.0438565586498772,0.0194793992914097,0.0443866593597427,0.019803858959212,0.0485269486991562,0.0214018746404571,B,0.057,0.19,0.11,0.0888114151204231,0.052090043934369,0.0894341812704084,0.0527100872332794,0.0911103577788998,0.0541410137400199,0.102812917499432,0.0619168603418971
Tucson AZ,-110.95,32.2,WUS,B,0.077,0.21,0.074,0.0796361945358411,0.0318353703497741,0.0788790551516966,0.0320479684976489,0.0789314075592266,0.0326002239057474,0.0837025418925277,0.036870874477249,B,0.077,0.17,0.051,0.0630346211102859,0.0220234420390897,0.0624432538138,0.022149397362345,0.0624761865430584,0.0224571678312554,0.0660834024101937,0.0251024027215747,C,0.077,0.28,0.14,0.120124558201409,0.0615389308672775,0.119506717737412,0.0620296418863251,0.120161965107656,0.063328941874507,0.13106229536197,0.0716549861592964
Bakersfield CA,-119.35,35.35,so cal,D,0.37,0.82,0.36,0.522239632038366,0.21041649245765,0.534261068444085,0.21505193459517,0.554794168449135,0.223354351249908,0.67544124111424,0.274775400704599,D,0.37,0.68,0.25,0.426989039745621,0.145662438980803,0.436027935962259,0.148816905832337,0.451837284838716,0.154471487603359,0.546413795946071,0.189705209251906,D,0.37,0.96,0.64,0.661463499008239,0.384461069228273,0.684289780459586,0.39453527774021,0.719525533436626,0.411664559985348,0.914094910776502,0.513562131411108
Big Sur CA,-121.75,36.25,so cal,D,0.48,0.99,0.46,0.5253142082775,0.212325033889983,0.548017022425321,0.220271801385459,0.581411230054267,0.232040150346973,0.75876647490409,0.295442515334145,D,0.48,0.86,0.32,0.427620330026857,0.14705116075209,0.445405705470692,0.152301652715519,0.471729068581295,0.160466594495093,0.612115766709405,0.203909411803992,D,0.48,1.03,0.76,0.68038625440199,0.390110620242849,0.716575141477087,0.405654921621193,0.768076724436047,0.428685864600074,1.03586968843833,0.551186948180746
Brawley CA,-115.55,33,so cal,D,0.71,1.25,0.67,1.53509547486006,0.587255903386837,1.58931015642296,0.600149628764039,1.66660146040301,0.620919711379283,2.04773941775274,0.733114844469276,D,0.71,1.07,0.47,1.32229334680167,0.408020589524434,1.36550382505994,0.416856480623193,1.42800966153101,0.43112866542236,1.73940390029372,0.508520016384587,D,0.71,1.15,1.29,1.54600693900033,0.973116362322815,1.61875224542144,0.999066985275988,1.71761016965209,1.03883161295227,2.18882967761097,1.24688955166805
Century City CA,-118.4,34.05,so cal,E,0.92,1.62,0.81,1.01640540850721,0.438737714494859,1.03941465006109,0.444667674079609,1.07823731660133,0.456987440729372,1.29931142596031,0.536442439866949,E,0.92,1.42,0.61,0.863674084552101,0.33157596674899,0.880115402482477,0.335924987536822,0.909614282383409,0.34503705628683,1.08399476824851,0.404313948950216,E,0.92,1.57,1.23,1.10912218567576,0.703801868285868,1.15037140258623,0.717111660124997,1.21124600525022,0.741242445526078,1.52817000898353,0.886778371237397
Coalinga CA,-120.4,36.15,so cal,D,0.6,1.48,0.58,1.0699008644296,0.358743956461322,1.12588751110832,0.372626777569066,1.2031520704002,0.393272436608142,1.58136440552743,0.501354323032241,D,0.6,1.26,0.4,0.890720041023922,0.248167546816945,0.935070316709683,0.257714624833684,0.996790756553725,0.271827073707778,1.30096523479658,0.346226447931603,D,0.6,1.45,0.98,1.20998935796406,0.634546731719078,1.29041570913257,0.662203288158345,1.39752080896497,0.70219053946797,1.90737717095127,0.907861998986081
Concord CA,-122,37.95,nor cal,E,0.91,1.9,0.84,1.27887158903364,0.511012117131041,1.30704767675687,0.518487192347683,1.35386016173774,0.532996508264438,1.61356797021582,0.62213220928275,E,0.91,1.66,0.61,1.1025522502825,0.3680822024259,1.1226555611419,0.373338213208289,1.15841358255749,0.383717517321918,1.3649910896139,0.447550140046921,E,0.91,1.61,1.28,1.31621138673059,0.838182155107466,1.36535800569124,0.854915489247951,1.43626282974483,0.883909051092633,1.793929421175,1.0508281699608
Cucamonga CA,-117.55,34.2,so cal,E,0.9,1.74,0.86,1.15474396188673,0.477304794288282,1.18616424711056,0.483046032575461,1.23523569371688,0.495524810019164,1.50002184662569,0.577198461089603,E,0.9,1.52,0.6,0.985609276551984,0.331148876238831,1.00916641176359,0.335042836327165,1.04733521426851,0.343538381830618,1.25835141670159,0.39967959370608,E,0.9,1.73,1.56,1.23725001332295,0.806622446425821,1.28741875045723,0.82075962298661,1.35936695307913,0.846998601707596,1.72544737429351,1.00646263922947
Death Valley CA,-116.85,36.35,so cal,D,0.44,0.91,0.43,0.427383331001314,0.164384686873579,0.436246042900485,0.1695822225133,0.451962485194746,0.177626507763972,0.546040983135794,0.221681109562588,D,0.44,0.79,0.3,0.348480397383484,0.113678995075698,0.355195306582438,0.117304979694496,0.36741483158547,0.122643291319259,0.441333101162503,0.152915383252,D,0.44,0.93,0.7,0.544683314734211,0.304402502123156,0.562260617970881,0.314719451340246,0.590116333253939,0.330507776499385,0.74429117612196,0.41648421405872
Diablo Canyon CA,-120.85,35.2,so cal,D,0.42,0.91,0.4,0.457484294973276,0.184929078183321,0.468151514385148,0.189614926052366,0.486697783578189,0.19754603796974,0.596507270214305,0.243847955200954,D,0.42,0.79,0.28,0.373621310570687,0.128062465917911,0.381668278799022,0.131154784066879,0.396036332233294,0.136617859565053,0.482266194297987,0.168353446884854,D,0.42,0.95,0.68,0.587545168457762,0.339907144690707,0.608343904106981,0.349623614034281,0.64061338932074,0.365531293667603,0.817935415675384,0.456568519060831
Eureka CA,-124.2,40.8,nor cal,E,1.2,2.38,1.13,1.46103696107752,0.61640894198561,1.47972518435157,0.614097389833162,1.52037440669364,0.619955731076996,1.79061222571292,0.691420624526085,E,1.2,2.05,0.8,1.26234386132633,0.436434734284966,1.27338131239714,0.434155150092913,1.30268609766366,0.437601729492453,1.51295749559077,0.485599078318434,E,1.2,2.43,1.65,1.48825579028017,0.970996473435762,1.53102968519662,0.975905107616502,1.5998843901561,0.994870415005603,1.98719580084683,1.14566984351043
Fresno CA,-119.75,36.75,nor cal,D,0.23,0.51,0.22,0.319349942813323,0.142581776420281,0.33402158435244,0.150142502643861,0.355695386867816,0.16078613525386,0.472141950429842,0.21654024596624,C,0.23,0.42,0.15,0.25552654458452,0.0987842538631498,0.266974717153266,0.103730925616254,0.283914743081308,0.111059434350659,0.37541013111659,0.149292366321177,D,0.23,0.65,0.41,0.455589227116651,0.270374548312009,0.481803111016249,0.285216579118299,0.519066194887044,0.306315857124179,0.71301398831854,0.415675663754109
Irvine CA,-117.8,33.65,so cal,D,0.45,1.01,0.43,0.655882633846665,0.251358999585929,0.680019594320317,0.259695508994057,0.715590241939728,0.272258197476984,0.900904915500808,0.33995379746675,D,0.45,0.86,0.3,0.538842862849085,0.175685049734299,0.557640395966353,0.181386480032328,0.585628562802937,0.190171966766707,0.73260640475686,0.237184633578377,D,0.45,1.12,0.75,0.809061578243476,0.45578231991278,0.847517399943388,0.472333084182004,0.901720439497993,0.497066243891209,1.17697068008939,0.627634760962529
Long Beach CA,-118.2,33.8,so cal,E,0.75,1.31,0.67,0.780892636036751,0.343114094671422,0.801334370333067,0.350636109798146,0.834696881039417,0.363599877926463,1.02150724772938,0.439681260483062,E,0.75,1.14,0.5,0.65199030699798,0.25787741113591,0.66713874165825,0.263207383061955,0.692814399413835,0.272662470259437,0.840157305661239,0.328751526626836,E,0.75,1.32,1.05,0.907964237570069,0.568157205585972,0.944287858457842,0.583176709392378,0.997556830113944,0.60774708006542,1.27444445339629,0.746486840679918
Los Angeles CA,-118.25,34.05,so cal,D,0.72,1.53,0.68,0.962438349706614,0.369792615296412,0.984626748827884,0.375472389991767,1.02216796649156,0.386708135637105,1.23692489136373,0.457628100560355,D,0.72,1.35,0.48,0.814552688196101,0.259705340858896,0.830459153978083,0.26357899908682,0.859006409560689,0.27137114537339,1.02824354239083,0.320786564328299,D,0.72,1.52,1.11,1.06646264932546,0.63772702663676,1.10681795018174,0.650859924311638,1.16647842674017,0.674116004781225,1.47811555573971,0.81233133016179
Malibu West CA,-118.95,34.05,so cal,D,0.54,1.21,0.51,0.746142221219775,0.277392219426053,0.767152253245504,0.283950523998207,0.800054490414447,0.294838225313053,0.977694844354568,0.356474623511437,D,0.54,1.05,0.36,0.619430402355677,0.19465645588013,0.635444029038241,0.199250225779995,0.661082799545237,0.206823306666774,0.801836314885459,0.24977676378741,D,0.54,1.26,0.86,0.880535184090484,0.494362856922888,0.915418027330773,0.507881598682911,0.965953435388891,0.529345536971357,1.22567722650018,0.648196379879689
Mammoth Lakes CA,-119,37.65,nor cal,D,0.58,1.44,0.55,1.01339664198155,0.336790869268928,1.05439042183041,0.346756396029114,1.1138623307801,0.362576431080508,1.41863942119373,0.45116205708153,D,0.58,1.23,0.38,0.848517462972415,0.232795549136367,0.880218880695557,0.239683031134617,0.927008846730714,0.250568052863101,1.17019260566612,0.311469730748801,D,0.58,1.36,0.94,1.12997407680224,0.593033921960036,1.19338051822459,0.613646760800735,1.28006670295538,0.645152415641774,1.70411981998806,0.815896408937672
Monterey CA,-121.9,36.6,nor cal,D,0.49,1.06,0.47,0.686578069129297,0.26745884298459,0.717110106499477,0.276514675394827,0.761509172287738,0.290396926902786,0.992932828408217,0.365916817543436,D,0.49,0.9,0.33,0.563403817610142,0.185150420567073,0.587095443508101,0.191302430268969,0.621974712413111,0.200840486864066,0.805320188036177,0.252663195054501,D,0.49,1.17,0.81,0.849200069079448,0.483224263767575,0.896527512704388,0.501493777082234,0.963452341912652,0.528863694298419,1.30527754767111,0.674772650980725
Morgan Hill CA,-121.65,37.15,nor cal,D,0.68,1.38,0.65,1.40513065912,0.552312427940916,1.46313946460984,0.566178772784202,1.54607425234977,0.588470153180812,1.96556798715573,0.711898227387898,D,0.68,1.18,0.45,1.19861855191243,0.383115200567507,1.24418976390218,0.392575261440629,1.31037883731356,0.407935430579961,1.64917049939072,0.492933099467039,D,0.68,1.3,1.13,1.48100060196574,0.93446344284111,1.5620335541705,0.962499340465757,1.67275204114484,1.00574780056502,2.21380601430256,1.23801124179978
Northridge CA,-118.55,34.2,so cal,D,0.7,1.45,0.66,1.06411254689783,0.392535553080164,1.09693584607576,0.40025829767955,1.14651575067463,0.413735202069653,1.40558581526462,0.492774688216307,D,0.7,1.26,0.47,0.898713278301971,0.276924604141814,0.923705919095137,0.282226788021826,0.962550697788329,0.291676683208585,1.16948226366587,0.347142373186925,D,0.7,1.38,1.1,1.16947769919702,0.676402570310944,1.2195226924239,0.692871788716374,1.29017428458141,0.719897801263293,1.64237504214079,0.87170406951117
Oakland CA,-122.25,37.8,nor cal,D,0.72,1.44,0.69,1.17689570042622,0.481305894885062,1.20809497820643,0.488679077599386,1.25689032760467,0.502574044310588,1.51710567407741,0.586852926420489,D,0.72,1.24,0.48,1.00316000689815,0.334094619206619,1.02660363946076,0.339114653010021,1.06464877816852,0.348672765275402,1.27269363912299,0.406713125147679,D,0.72,1.35,1.13,1.26042464662914,0.817219948437889,1.31027267502042,0.833492345968566,1.38127384286191,0.861560370404002,1.73630063250691,1.02278506666028
Palmdale CA,-118,34.5,so cal,E,1.18,2.02,1.12,1.33696973399153,0.646879821415768,1.33093854028184,0.635791655401703,1.34134730481303,0.631844008587064,1.48212158056264,0.667486188129712,E,1.18,1.73,0.78,1.18420446928947,0.450478221403146,1.17389206146501,0.442676727424532,1.17735787341283,0.439818111577798,1.27892049211098,0.463905520229628,E,1.18,1.79,2.19,1.31901985868399,1.04155300254569,1.32864324752694,1.02156349351415,1.35753147037861,1.01331809160558,1.60191817506979,1.10323161562509
Palm Springs CA,-116.55,33.85,so cal,E,0.79,1.46,0.76,1.04547276007473,0.423785197196821,1.07472346698316,0.428461461376818,1.12163730166204,0.439439417876178,1.38314305234541,0.515476170548905,E,0.79,1.26,0.53,0.885744378538516,0.29403871642562,0.907262632758867,0.297158436434428,0.943287431884068,0.30461012679167,1.15001423558156,0.35676836493274,E,0.79,1.4,1.42,1.14656128861753,0.72340886149368,1.19504679925098,0.735592348388231,1.26563062513228,0.759310143828623,1.63330621196762,0.909690746401349
Pasadena CA,-118.15,34.15,so cal,E,0.76,1.6,0.73,0.962553599362631,0.379441281256795,0.983145112311025,0.3844755284588,1.01928721558859,0.395210992000939,1.23099491772217,0.465462790834969,E,0.76,1.42,0.51,0.816404356059251,0.26331690862094,0.830822377588838,0.266730416982892,0.858085427188794,0.274009173820933,1.02454110993156,0.322199367939266,E,0.76,1.55,1.17,1.06468672922128,0.653938611231242,1.1040421946616,0.666302637242804,1.16286924138958,0.68902588700686,1.47318746642632,0.827291487233455
Redding CA,-122.4,40.6,nor cal,D,0.43,0.92,0.4,0.537506037375848,0.203901074969918,0.546867657326453,0.208093953299322,0.564476176291157,0.215705623054309,0.672733902265002,0.262397592847005,D,0.43,0.76,0.28,0.43643906928411,0.143413382524547,0.443235368485706,0.146166807978243,0.456647804415902,0.151214836598416,0.541014607604972,0.183078697274657,D,0.43,1.02,0.65,0.650192809479075,0.357599469951954,0.67018144095175,0.367411076899437,0.701727635830808,0.383597318776949,0.876271655293733,0.476680301167801
Riverside CA,-117.4,33.95,so cal,D,0.58,1.03,0.55,0.916587849912425,0.346593040183997,0.953827474569938,0.356572807655062,1.00721605315115,0.372218227462031,1.27744826870145,0.458202433460057,D,0.58,0.9,0.38,0.7624144284632,0.239933198628215,0.791565780582208,0.246775769228405,0.833856522080587,0.25754138831922,1.04985178410092,0.316623298425906,D,0.58,1.1,0.97,1.06176446792053,0.613352753862503,1.11642628126159,0.633661436237198,1.19185839374561,0.664522510762809,1.57013754991658,0.829660600915038
Sacramento CA,-121.5,38.6,nor cal,D,0.24,0.48,0.23,0.324359194312425,0.152494426436934,0.338417492660498,0.159683537043972,0.358664510306767,0.169809790208818,0.46311971349925,0.222052579159803,C,0.24,0.39,0.16,0.258947511887715,0.106070713121818,0.269956578017226,0.110822261612504,0.285858321187656,0.117830212439368,0.368097343572258,0.15360750152657,D,0.24,0.65,0.42,0.4669904296683,0.284815478584798,0.491385545862079,0.298957643388057,0.525554267908273,0.318972019987999,0.698972653624997,0.421284216394696
Santa Barbara CA,-119.7,34.45,so cal,E,0.87,1.6,0.81,0.891386585620729,0.380003165621817,0.896098078039096,0.380818578721609,0.912184064531927,0.386465258581198,1.03260126194365,0.435110489039979,E,0.87,1.42,0.58,0.760714078536996,0.270034842469236,0.762202719093495,0.270544691760258,0.773167390341619,0.274477187827637,0.865575798463667,0.308790942891149,E,0.87,1.52,1.26,0.968978580248309,0.644844455116773,0.987997448454209,0.649323905357589,1.02122039117467,0.662454633493115,1.21536064414689,0.75988105039275
Santa Cruz CA,-122.05,36.95,nor cal,D,0.59,1.14,0.57,0.869523775224721,0.347148694967921,0.899481914154654,0.355021910563074,0.945170252032923,0.368555231806989,1.19133131690364,0.447595533949526,D,0.59,0.99,0.4,0.724727256526289,0.240577520001632,0.747492781120584,0.24596714878588,0.783038084843172,0.255219710952638,0.977944562048164,0.309535522999268,D,0.59,1.24,0.98,1.01348235073241,0.610775042285438,1.06179784083329,0.62762761108817,1.13061455691402,0.654850630076761,1.4842805724652,0.808079716916807
Santa Rosa CA,-122.7,38.45,nor cal,E,1.15,1.95,1.03,1.15891666805366,0.536000735731521,1.17251046975385,0.536873270828353,1.20233784207006,0.544583337387009,1.39624458497811,0.611829105982633,E,1.15,1.69,0.77,0.999718982762308,0.39935912550576,1.00738324391099,0.399822389768855,1.02863315554414,0.405352933998611,1.17924899068696,0.454482687716043,E,1.15,1.72,1.6,1.20020369136135,0.835243258957984,1.23354076761332,0.841384226507911,1.28618656373434,0.858948292004649,1.57260672548534,0.98591067270353
San Bernardino CA,-117.3,34.1,so cal,E,1.07,1.94,1.02,1.31080588040475,0.542710719095673,1.34401788725825,0.545880000429096,1.39761019692216,0.556523950195012,1.69461495979965,0.638460533332104,E,1.07,1.67,0.71,1.12801962692788,0.376969082911234,1.15242243191816,0.379013909440774,1.19373933854969,0.386245123638253,1.4300886184018,0.442442245814941,E,1.07,1.79,1.88,1.35258434296285,0.898639736462095,1.40683634565942,0.909488611568406,1.48554881350964,0.933749650976526,1.89044858930028,1.0967291841016
San Diego CA,-117.15,32.7,so cal,D,0.53,1.19,0.5,0.555115408277447,0.217199096396213,0.55475281997332,0.219512203393604,0.56277630985629,0.225350465021282,0.643637680286774,0.266874774955839,D,0.53,1.04,0.35,0.464186564772414,0.150547118038856,0.462371919676162,0.152027350353521,0.46740935133656,0.156053134652111,0.528529790279366,0.184395252253376,D,0.53,1.12,0.82,0.653525091371425,0.388503392963961,0.664999477519187,0.394694434558608,0.68819561682097,0.407494159990828,0.83893079631863,0.490990423127512
San Francisco CA,-122.4,37.75,nor cal,D,0.6,1.12,0.57,0.953080453726261,0.394965686494479,0.980437582863117,0.401577483933011,1.02254256717476,0.413879415691992,1.24553480291755,0.487950925889999,D,0.6,0.94,0.4,0.799785568690374,0.273964670167938,0.820600955922436,0.27850893605495,0.853534743306358,0.286948076123149,1.0311472255302,0.337931124867679,D,0.6,1.16,1.17,1.08149015077503,0.685287749147866,1.12499027587498,0.699767530699903,1.187135510215,0.724559276099762,1.49975896387561,0.86731064631881
San Jose CA,-121.9,37.35,nor cal,D,0.61,1.03,0.57,1.23904968264641,0.539946649020491,1.28695490046393,0.553675021718417,1.35507059188423,0.575290156607827,1.69536342155553,0.692092869049801,D,0.61,0.9,0.4,1.04985513297404,0.40081266302948,1.08769379468233,0.410740209791472,1.1421972023293,0.426490914349388,1.4169629144507,0.511978193273993,D,0.61,1.08,1.13,1.34400433776089,0.870243604897276,1.41098420150084,0.895881426891517,1.50262416214008,0.934897977136705,1.94899864950474,1.14146964059128
San Luis Obispo CA,-120.65,35.3,so cal,D,0.4,0.87,0.38,0.502573894991273,0.201349007893607,0.517312303479924,0.20663444246773,0.54110845425218,0.215498585822798,0.674309204449303,0.267445823996287,D,0.4,0.74,0.27,0.410387985086443,0.139396476135093,0.421598441267448,0.14284894420677,0.440040240057204,0.149011143513203,0.544788136732528,0.184570765097457,D,0.4,0.96,0.67,0.641957905151737,0.368795676403127,0.668251690945161,0.379856967085449,0.707425409027791,0.397844542615879,0.915249559954131,0.500002562886584
San Mateo CA,-122.3,37.55,nor cal,E,0.81,1.47,0.77,1.03183411209793,0.450571064005472,1.0533014283746,0.453965235008706,1.09046607202145,0.463585591974927,1.30544166987965,0.533062563939293,E,0.81,1.26,0.54,0.877399788801315,0.312890991855942,0.892523057273997,0.31516340302078,0.920639379942106,0.321700498991131,1.0900000002893,0.369472883595902,E,0.81,1.43,1.53,1.13237884856575,0.763869941841312,1.17203620763108,0.773826353354163,1.23127646642199,0.794973524129421,1.54222039511428,0.932055464330429
San Onofre CA,-117.55,33.4,so cal,D,0.39,0.86,0.37,0.540279960144743,0.214722882835744,0.560404820320282,0.22209612995544,0.590308388657894,0.233373914211645,0.747963736586453,0.294042435427725,D,0.39,0.72,0.26,0.440432414912622,0.149223964855575,0.456112798719406,0.154273644278129,0.479564280120486,0.161983762521413,0.604236632081359,0.203849308933711,D,0.39,0.99,0.65,0.693208692080732,0.39435797153639,0.726236010575602,0.409258250210525,0.773194940827914,0.431423569921213,1.01336102017497,0.549355394604945
Vallejo CA,-122.25,38.1,nor cal,E,0.89,1.6,0.79,1.11204496446851,0.495728128897293,1.14048051054372,0.504764463435335,1.18494229139288,0.520536588239693,1.42189402218115,0.611418708754586,E,0.89,1.4,0.59,0.945074430630769,0.374052765503156,0.966471875375056,0.380717631467652,1.0011599430133,0.392417849347156,1.19035827374363,0.460279934997871,E,0.89,1.45,1.2,1.20399496866072,0.791212351952155,1.24993235048373,0.809136340146147,1.31542405796519,0.838392321203784,1.64289478954474,1.00045724253588
Ventura CA,-119.3,34.3,so cal,E,1.01,1.53,0.9,0.883194764410991,0.439485455681852,0.891802697538253,0.441065341320246,0.912774882776076,0.448536629826096,1.05618183093336,0.509991152917226,E,1.01,1.35,0.67,0.750755005646583,0.329943201860018,0.755458128980528,0.330984366913646,0.770379098111892,0.336436667345315,0.881273247752307,0.381822241805978,E,1.01,1.5,1.4,0.977059970399673,0.705866601651136,1.00073306402645,0.711968437608629,1.04010224552207,0.728140279725067,1.26376320087135,0.84403610728839
Denver CO,-105,39.75,WUS,A,0.044,0.13,0.039,0.0597863012406868,0.0174855943245968,0.0599856969545332,0.0174295484758662,0.0608825711706838,0.0175035703908884,0.0674169670508486,0.0180739724528887,A,0.044,0.11,0.029,0.0512209047590375,0.0127685292726763,0.0513823083090947,0.0127076737500295,0.0521343886730225,0.0127410496948889,0.0575089147432397,0.012838775874173,A,0.044,0.16,0.066,0.0779928161199148,0.0289722412565586,0.0783142770524676,0.0289085908317869,0.0795522456200375,0.0291392568962166,0.0886353178035748,0.0312086038358314
La Junta CO,-103.55,38,WUS,A,0.047,0.12,0.042,0.0363313426513363,0.0146529697463132,0.0365602009091527,0.0146099277867512,0.0371776490436997,0.014673947074063,0.0413472328733393,0.0149762133391615,A,0.047,0.1,0.032,0.0306471557141485,0.0108556693422797,0.0308797481766977,0.0106872490380934,0.0315037139826959,0.0105477657875153,0.0349634949776356,0.0100079230419438,B,0.047,0.13,0.072,0.0484065481430005,0.0251212261419301,0.0487928570491554,0.0250900676634024,0.0497878520920788,0.0253462134111761,0.055773823778752,0.0272872374374057
Paradox CO,-108.95,38.4,WUS,A,0.044,0.13,0.039,0.0590815509775816,0.0207818777790882,0.0596078535140213,0.0209505069675641,0.0608674986350111,0.0212905045966333,0.0687821444502317,0.0233626321685538,A,0.044,0.11,0.029,0.0505367166586358,0.0155141045247245,0.050944428340055,0.0156591119981097,0.0519708697918807,0.015928802648287,0.0583821476862027,0.0169788340827299,B,0.044,0.15,0.07,0.0776546561895459,0.0371488386901313,0.0784972789252311,0.03756567099639,0.0803066576438041,0.0384113065377412,0.0915841886884244,0.0431952954337578
Rangely CO,-108.8,40.1,WUS,B,0.056,0.19,0.05,0.0838129130838118,0.0266076747586546,0.0844666332416126,0.027038233409719,0.0862204764943803,0.0277730973405375,0.0975794879189464,0.0312593399371464,A,0.056,0.17,0.037,0.0723223851993194,0.0198094878257908,0.0727908189031634,0.0200366885811704,0.0740954542009963,0.020428111196377,0.0834774410875782,0.0222901425438168,B,0.056,0.22,0.087,0.107403475833501,0.0476435726496668,0.108506829691448,0.0484195330905837,0.110921753033171,0.0497359013913751,0.126968954185492,0.0573040840784297
Trinidad CO,-104.5,37.2,WUS,A,0.051,0.12,0.046,0.0522978278484407,0.0209064731216192,0.0523504897975881,0.0208625979998875,0.0529901195587015,0.0209759913881143,0.0581381901476553,0.0219519495937457,A,0.051,0.1,0.034,0.0434874972075837,0.0154607840793424,0.0435378430146455,0.0153992130446006,0.0440716884924654,0.0154488462093048,0.0481214356076082,0.0157749515097563,B,0.051,0.15,0.085,0.0724057779664735,0.0378025659094978,0.0724846993491344,0.037690864838231,0.0733598709982678,0.0379736301459063,0.0809620742391676,0.0408418835083286
Hartford CT,-72.7,41.75,CEUS,A,0.048,0.14,0.041,0.0609757836248039,0.0179780425194177,0.0612361217031111,0.0179261831441681,0.062191861190934,0.0180083951938235,0.0691059514328904,0.0186419260191875,A,0.048,0.12,0.032,0.0524939446222985,0.0136676088742446,0.05270333592539,0.0135993780631419,0.0535021435563514,0.0136305608575708,0.0592761058257049,0.0137745738329721,B,0.048,0.17,0.068,0.0786715660122831,0.0287118015017582,0.0790796969185169,0.0286777487015964,0.0804000963857171,0.0289392124895382,0.0898127625297755,0.0310963510062264
Washington DC,-77.05,38.9,CEUS,A,0.042,0.11,0.036,0.0440753881692897,0.0157005311233764,0.0440639411904196,0.0156202636637437,0.0445130935985555,0.0156542325233357,0.0482353368565524,0.0159535899574841,A,0.042,0.092,0.028,0.0377423656512052,0.0118210720051534,0.0377276850521065,0.011703043979053,0.0380733408578318,0.0116281920884886,0.041330772100188,0.0113344023039856,A,0.042,0.13,0.059,0.0572360053538688,0.0251436566983886,0.0572612815231717,0.0250779266093172,0.0579521017719028,0.0253015772513059,0.0635289061088496,0.0271804560858101
Wilmington DE,-75.55,39.75,CEUS,A,0.046,0.16,0.04,0.0526738765668348,0.0168551090333032,0.0523587153718444,0.016792054140662,0.0525840052630041,0.0168508220131095,0.0561512223644938,0.0173057152698854,A,0.046,0.14,0.031,0.0453890432079388,0.012534361819285,0.045119500905422,0.0124748053324023,0.0452940490960961,0.0124852618036264,0.0481486565228134,0.0125000314974051,B,0.046,0.18,0.065,0.0674593912797351,0.0269296093636425,0.0670873954730848,0.0268866921237524,0.0674560278357051,0.0271308256337108,0.0726366244500148,0.0291193471178893
Jacksonville FL,-81.65,30.35,CEUS,A,0.063,0.11,0.056,0.038461174304386,0.0204534079342835,0.0379811768096931,0.0200230220698361,0.0378554166192992,0.0197191719360048,0.0393103393699512,0.0191932002605881,A,0.063,0.095,0.044,0.0331583595707834,0.0161073091755837,0.0326802851521363,0.0156950548583753,0.0325433191842572,0.0153674441366106,0.0336806511285559,0.0144811639612644,B,0.063,0.13,0.09,0.0502527846168238,0.0331365891950779,0.0495759476906861,0.0323276116105542,0.0494404981170967,0.0318959955501672,0.0519765935372296,0.0319076879460088
Miami FL,-80.2,25.75,CEUS,A,0.02,0.034,0.018,0.00878562490440167,0.00312132920430663,0.00815029666984442,0.00263880252266927,0.00747202565038049,0.00218094292936985,0.00519206615746635,0.0010415120185677,A,0.02,0.029,0.014,0.00698643895346236,0.00193912181177358,0.00634005336295251,0.00155180348558755,0.00566446488775402,0.00120206277177965,0.00356847604457091,0.000444409732771209,A,0.02,0.043,0.029,0.0131709492886594,0.00685570167889131,0.0126976775164907,0.00624191502319259,0.0122312281168028,0.00562979267599213,0.0100751535615042,0.00378687033387231
Atlanta GA,-84.4,33.75,CEUS,B,0.093,0.17,0.082,0.0900542510386884,0.0357115067565461,0.0908594093104643,0.0352493297611382,0.0927107487594767,0.0351629402963327,0.105314286235188,0.0368856113522877,A,0.093,0.15,0.064,0.077585610845338,0.0279784002230781,0.0782868262709937,0.0276388742446213,0.079930201992296,0.0275681013387158,0.0905143022060875,0.0286041519091608,B,0.093,0.21,0.13,0.115569986116106,0.0582902846029871,0.116790733061002,0.0575825331350119,0.11939271363181,0.0574646618486883,0.136275150015932,0.0605418120950175
Lincolnton GA,-82.5,33.8,CEUS,B,0.11,0.32,0.094,0.125326655077247,0.0394861600426866,0.1246652944158,0.0389657404249994,0.125351411154354,0.0388015771045693,0.135443622271144,0.0402367579127511,B,0.11,0.3,0.073,0.109473358983298,0.0307565433496833,0.108839015596641,0.030371416708512,0.109349214125072,0.0302458034009293,0.11786704246186,0.0311424076371432,C,0.11,0.33,0.15,0.152181771098089,0.0640691735891685,0.151793157425179,0.0631554885848769,0.153095143208239,0.0628843951735018,0.167186089015563,0.0658050341240811
Savannah GA,-81.1,32.1,CEUS,B,0.12,0.3,0.11,0.0936741002304831,0.0328708630433582,0.0919637466389831,0.0321120517256773,0.0912013477955256,0.0316776053277996,0.0941854115753653,0.0316460513031879,B,0.12,0.28,0.083,0.0816046551427283,0.0258179520406177,0.0800813471709811,0.0251832641027205,0.0793547928866168,0.0247717817395064,0.0817457174384296,0.0244815282272377,C,0.12,0.32,0.17,0.115347945975603,0.0536295800467409,0.113459599329451,0.0523289992603321,0.11275996472643,0.0516055812260544,0.117523997759647,0.0519874724428179
Des Moines IA,-93.6,41.6,CEUS,A,0.059,0.062,0.057,0.0279851620978049,0.0183112450237748,0.0277955964304959,0.0179286756856535,0.0278794699581218,0.017664262073681,0.029295239424098,0.0171564812504059,A,0.059,0.053,0.044,0.0240065767231913,0.0141042503437938,0.0238107815601347,0.0137272992235212,0.0238678172634704,0.0134288744302286,0.0249193989721053,0.0125544953877981,B,0.059,0.093,0.085,0.0393319336436917,0.0295918468410609,0.0389164965444221,0.0289941925444299,0.0389658649494859,0.0286680723632734,0.0418771347418162,0.028985627189372
Boise ID,-116.2,43.6,WUS,B,0.1,0.25,0.097,0.119711248013291,0.0506543019006885,0.120855861963336,0.0515714692200711,0.123566451939164,0.0532435241201791,0.140955809412601,0.0626633304538717,B,0.1,0.2,0.067,0.0949071323729738,0.0350923829301341,0.0957878699772863,0.03584035966157,0.0978670296224756,0.0370602757873321,0.111366226629951,0.0429970495880552,C,0.1,0.33,0.18,0.179523487291594,0.09693142210006,0.182028268881914,0.0989583223474858,0.187276294865785,0.102220190080311,0.218939285306332,0.121083334785818
Idaho National Lab ID,-112.85,43.6,WUS,B,0.11,0.23,0.11,0.133548532022082,0.0666066932728017,0.137436996222335,0.0690963481450585,0.143778584619875,0.0724982440204625,0.178231043563797,0.0914643556905833,B,0.11,0.18,0.074,0.105930588523075,0.0462096488820113,0.1089974926743,0.0479556944753908,0.113930783372372,0.0503448105210993,0.140900828163731,0.0629633838494689,D,0.11,0.33,0.21,0.208681870316865,0.128031524225888,0.216561517121243,0.132886305481388,0.228183076287613,0.140242347133191,0.289437890828092,0.177462103654127
Central IL,-90,40,CEUS,B,0.11,0.19,0.1,0.0832959784912446,0.033041330678657,0.0825756652069208,0.0322325674318714,0.0827993469462941,0.0318256231320895,0.0894374325337386,0.0321353014703012,B,0.11,0.16,0.078,0.0718750234924294,0.0259352447851263,0.071211933702855,0.0252924084629862,0.071379466036421,0.0249090039850495,0.0768338383272941,0.0249081387380343,C,0.11,0.23,0.16,0.106753543049629,0.0541136240498999,0.105963050868347,0.0527517747917119,0.106455464422547,0.052038900810927,0.115682667556777,0.0531281465241732
Chicago IL,-87.65,41.85,CEUS,A,0.07,0.11,0.066,0.045857996148302,0.0221670730092039,0.0455363608735416,0.021803924184979,0.0456870726286641,0.0216079389999254,0.0488069481547535,0.0216705043089319,A,0.07,0.092,0.051,0.039209626024434,0.0177214740357537,0.0389035769647723,0.0173728253554871,0.0390162501379026,0.017140309018436,0.0417867470040044,0.0167077750439734,B,0.07,0.13,0.1,0.0597799873194908,0.0365406051109375,0.0593690322685158,0.0358119349551967,0.0596377828640333,0.0354637532484451,0.0642580583158567,0.0364757379800711
Evansville IN,-87.6,38,CEUS,C,0.2,0.46,0.17,0.201894302034859,0.0587055018811924,0.199400588222331,0.0572601001920946,0.199174765126089,0.0564061601159956,0.21231074523691,0.0573870922291584,C,0.2,0.42,0.13,0.177909247091417,0.0457066974336239,0.175506675549321,0.0445406863733285,0.175098211520707,0.0438474749297875,0.185929465428748,0.0445272323420957,D,0.2,0.48,0.28,0.237675382432473,0.0949619281372901,0.235728946929827,0.0925787124935935,0.236570932052137,0.0912851331297539,0.25624256864837,0.0931548870565846
Indianapolis IN,-86.15,39.8,CEUS,B,0.1,0.17,0.089,0.0780725957052283,0.0321962098647618,0.0777475712192972,0.0317023010187609,0.078358751271022,0.0315014706532022,0.0856747289548673,0.0323911177176536,B,0.1,0.15,0.069,0.0672294731007115,0.0252887380989503,0.0669181276847249,0.0248227746734553,0.0674321969276153,0.0246218999887845,0.0736178082317878,0.0251682966568288,C,0.1,0.21,0.14,0.100042420891888,0.0527095745750624,0.0997779131695461,0.0518383987182451,0.100680680645568,0.0515086037436934,0.110795600577319,0.0536649312434175
Topeka KS,-95.7,39.05,CEUS,A,0.068,0.091,0.064,0.038692051440226,0.0213323704383094,0.038392568252388,0.0209493350317569,0.0384741155071931,0.0207188173095482,0.0410750956096973,0.0205706277245977,A,0.068,0.079,0.05,0.0333642741643919,0.0169225348896738,0.033061093284442,0.016553977306311,0.0331283670049608,0.0162896234401683,0.0350711076419843,0.0156874918618084,B,0.068,0.11,0.097,0.0514476971637766,0.0348701909794359,0.0509753072576617,0.0341032846892875,0.0510974850936873,0.0336981775706167,0.0547810469517821,0.0344177160827433
Wichita KS,-97.35,37.7,CEUS,A,0.061,0.083,0.057,0.0385785350538102,0.0203860764592807,0.0384412803836788,0.0200399270299206,0.0386703396620826,0.019835866077602,0.0417309524798622,0.0196969293896151,A,0.061,0.072,0.044,0.0332520963131969,0.0160489335156646,0.0331047977337897,0.015707716687651,0.03331787546745,0.0154643782411874,0.0356036721496637,0.0148809929819254,B,0.061,0.11,0.086,0.0508119096937205,0.0329584443718273,0.0506344341409382,0.0323105826614196,0.051025059467959,0.0320450993570534,0.0552287998775695,0.0327859402196283
Louisville KY,-85.75,38.25,CEUS,B,0.12,0.21,0.1,0.0982684031181627,0.0388482348985569,0.0979852767954938,0.03818978672858,0.0989248714863937,0.0379255018363905,0.109375774922967,0.0392842646848863,B,0.12,0.19,0.082,0.084797302952961,0.030286199272201,0.0844957174223967,0.0297999942891836,0.0853004612769948,0.0296001304099132,0.0941294752628181,0.0303981457477894,C,0.12,0.25,0.17,0.124921975952145,0.063210108007045,0.124808104471619,0.0621014912547125,0.126284576266512,0.0617001496166358,0.140743687036221,0.064428029150919
New Orleans LA,-90.05,29.95,CEUS,A,0.06,0.077,0.057,0.0335337577213161,0.0194051643422877,0.0331966780312111,0.0190389889130446,0.0332038731753493,0.0188006943375119,0.0348273866243932,0.0184538808783759,A,0.06,0.067,0.045,0.0286687126063734,0.0151247115401491,0.0284120497301333,0.0147640718450998,0.0284030345194144,0.0144902452184639,0.0294339482173256,0.0137448835510946,B,0.06,0.098,0.086,0.0440225608541424,0.0313146929475173,0.0436105628846689,0.0307383389339042,0.0436576134350321,0.0304353375082633,0.0462181603269057,0.0308808425893299
Boston MA,-71.05,42.35,CEUS,B,0.055,0.17,0.047,0.0724450827068204,0.0195442516039148,0.0724935458970444,0.0194756557058767,0.0733098983148362,0.0195524124973835,0.0805281453006396,0.0202906706531634,A,0.055,0.15,0.036,0.0625652358973577,0.0152618351674403,0.0625900860161216,0.0151714237025794,0.0632810612737494,0.0151895826756152,0.0693320937564185,0.0153964604943617,B,0.055,0.2,0.077,0.0922220527309214,0.0311899745514551,0.0923872769883785,0.0311162009492141,0.0935902081769907,0.0313362847121748,0.103368846355884,0.0337703095380445
Baltimore MD,-76.6,39.3,CEUS,A,0.041,0.11,0.035,0.0440827982837489,0.0154124950817523,0.0440455600163748,0.015343326810655,0.0444705567453052,0.0153866768714629,0.0481129376747975,0.0156939921302138,A,0.041,0.095,0.027,0.0377598801024775,0.0116485290140485,0.037724628571188,0.0115240211597835,0.0380509346258702,0.0114405817989397,0.0412391389950508,0.0111154438288469,A,0.041,0.13,0.058,0.0571682329157324,0.024673822089897,0.0571576290721903,0.0246292323052413,0.0578149709540543,0.0248743167453396,0.0633152298711696,0.0267968734182543
Augusta ME,-69.8,44.3,CEUS,B,0.069,0.21,0.059,0.0896916974072968,0.0233215891895497,0.0897434060756219,0.0231615537849581,0.0907849896614617,0.0232785213449175,0.100011371741142,0.0247243325518115,B,0.069,0.19,0.046,0.077633046077492,0.0187353294711239,0.077649051736225,0.0186145957298829,0.0785517796897715,0.0186295118001546,0.0863367111995271,0.0190912334849494,B,0.069,0.24,0.096,0.112912733832678,0.038269960658961,0.113168920630418,0.0380622217506126,0.114745539659145,0.0382592339008355,0.127253265705913,0.0409715253243507
Bangor ME,-68.8,44.8,CEUS,B,0.069,0.21,0.059,0.0872153343013948,0.0229976717345814,0.0870971570163572,0.022797055171528,0.0879686185878694,0.0228691853379954,0.0963762892422046,0.0241568004233921,B,0.069,0.18,0.046,0.0753889769813407,0.018515291922468,0.0752522001117993,0.0183685068651567,0.0760008106456978,0.0183537008397314,0.0831131566255668,0.0186951403078741,B,0.069,0.23,0.097,0.109863586076344,0.037819074384805,0.10989855307118,0.037554475291102,0.11115799215967,0.037691103526337,0.122731654778244,0.0402022955704439
Portland ME,-70.25,43.65,CEUS,B,0.063,0.19,0.054,0.0838381080684196,0.0219318651681661,0.0840538943605668,0.0218565330356251,0.0852820149663192,0.0219508301965624,0.0944199457508342,0.0231651862921084,B,0.063,0.17,0.042,0.0725461597018613,0.0176659659892475,0.0727075233918887,0.0175660621898699,0.073649538615401,0.0175940460876395,0.0814200672804102,0.0180168258193055,B,0.063,0.22,0.088,0.106463468624138,0.0359333137080345,0.106891392966377,0.0357847634245656,0.108526871812004,0.036044736911692,0.120816860089515,0.0388994043584924
Detroit MI,-83.05,42.35,CEUS,A,0.049,0.075,0.046,0.033663808642156,0.0181031755264369,0.0337028626207086,0.0179281239599884,0.0341164228414026,0.0178838321184062,0.0370666282054852,0.0181175539447645,A,0.049,0.065,0.036,0.028750357877329,0.0138476606645097,0.028774023287528,0.0136546970747982,0.0290627546720308,0.0135568012900601,0.0314357271644339,0.0133231974172236,B,0.049,0.094,0.07,0.0442262260781961,0.029096477724913,0.0443027645973526,0.0288489428269654,0.0448620968117549,0.0288937135575089,0.0492342930757436,0.0304230620716366
Minneapolis MN,-93.3,45,CEUS,A,0.034,0.037,0.035,0.0155360136344756,0.00962131599258466,0.0153286670264571,0.00912837772453475,0.015175003709435,0.00863513201916589,0.0146106004172242,0.00697023305011501,A,0.034,0.032,0.027,0.0129878267879362,0.00700569189477973,0.0127611186190456,0.00645129761192061,0.0125596727209107,0.0058953267482297,0.0116542803418499,0.00416673996942097,A,0.034,0.051,0.053,0.0214415981197743,0.0167681295523654,0.0211757860188223,0.016372035805839,0.0211301101147396,0.0160718264545811,0.0216271194890588,0.0153174387733547
Cape Girardeau MO,-89.5,37.3,CEUS,D,0.41,0.95,0.35,0.363389399225131,0.0969768559896597,0.354589249614409,0.0932380718337941,0.350090904279348,0.0905684969909657,0.362006490077539,0.0884223256537554,D,0.41,0.9,0.27,0.330165545462758,0.0754464779305625,0.321455348818671,0.0725116895980516,0.316564788630525,0.0704750860214562,0.324704213341399,0.0687771911251623,D,0.41,0.83,0.55,0.38221583574737,0.1547510116407,0.376477954660023,0.148977358068772,0.375507561575997,0.144796730396225,0.400991746313284,0.14182209564238
New Madrid MO,-89.55,36.6,CEUS,E,1.13,2.45,0.97,0.773529393045016,0.202600385010533,0.742227825300122,0.191224360684478,0.718950749503805,0.181929257704362,0.69625766891959,0.166251537275225,E,1.13,2.55,0.75,0.746628168734262,0.157561956991728,0.714197478719777,0.148717293201835,0.689252784020227,0.14148138906036,0.658623395274388,0.12928973582666,E,1.13,1.47,1.48,0.649928131601056,0.315962169457398,0.632700022111804,0.298609569680287,0.623091684688883,0.284499624006278,0.638199843297917,0.261232852684545
St Louis MO,-90.2,38.6,CEUS,C,0.18,0.42,0.16,0.184902207074872,0.053470737862744,0.182341305449071,0.052004820035838,0.181853037422494,0.0511461510201698,0.192699362687867,0.0515053964680496,C,0.18,0.38,0.12,0.162512305120932,0.0416248391302236,0.160140096701776,0.0405663174607224,0.159533673824383,0.0398968554800725,0.168434669950068,0.0400604703918512,D,0.18,0.45,0.25,0.219754110676173,0.0867305888001072,0.217584088637935,0.0843765867211011,0.217942024159101,0.0828959353350358,0.234396524752352,0.083877632059157
Jackson MS,-90.2,32.3,CEUS,B,0.1,0.16,0.094,0.0650793232161352,0.030562888867617,0.0641560236095922,0.0299125667774218,0.0639559950530413,0.0295393356111958,0.0677790213163031,0.0297649347623944,B,0.1,0.14,0.073,0.0560177281855313,0.0237467126546169,0.0552129961313693,0.0231398404340114,0.0550217094291675,0.0227750901134002,0.0581035437088752,0.0226926336424879,C,0.1,0.2,0.14,0.0838107580066044,0.0499303766887355,0.0827220109223401,0.0488206734400511,0.0825860615201784,0.0481962157570306,0.0882030448209769,0.049147863368313
Billings MT,-108.5,45.8,WUS,A,0.049,0.092,0.046,0.0491760546616341,0.0285124354030534,0.0504328084231457,0.0291978676473624,0.0523954715820802,0.0302177429179793,0.0626121616819581,0.035825373995779,A,0.049,0.078,0.032,0.0408382716144396,0.0203751753565702,0.041811218170758,0.0207567572686958,0.0433656118392819,0.0213262189027196,0.0513644769203989,0.0247984002295134,B,0.049,0.12,0.087,0.073393697071001,0.0533363380068276,0.0757107648542807,0.0549341960492126,0.0794358872169876,0.0572634162562607,0.0978900346229124,0.0688975170401849
Bozeman MT,-111.05,45.7,WUS,C,0.18,0.48,0.18,0.263134778478508,0.0922928839394479,0.26705526038278,0.0942897213275753,0.274646202495118,0.0976462362016999,0.321316603224692,0.116318321514008,C,0.18,0.4,0.12,0.211678905478392,0.0638231298848552,0.21464605909091,0.0652193355859402,0.220519966592123,0.0675310194365294,0.257216642227424,0.0802617445733047,D,0.18,0.58,0.32,0.358790652026189,0.174321217375509,0.366725722310319,0.178281940136367,0.380104364563398,0.18480575830028,0.455810941448688,0.221543409941763
Lima MT,-112.6,44.65,WUS,D,0.37,0.86,0.35,0.376540460583852,0.132673991482799,0.379863291697368,0.134730928737014,0.3880841009711,0.138589479325266,0.444232507366158,0.162069560356963,D,0.37,0.76,0.24,0.306803034977069,0.0917079927596852,0.30926115946639,0.0930336249840537,0.315653562793035,0.0957699364047687,0.359848874306219,0.111843780568067,D,0.37,0.86,0.59,0.479464668318427,0.245241621134997,0.487578767920864,0.249380283828361,0.50278745880974,0.25704506048842,0.594679848853818,0.303156361512984
Missoula MT,-114,46.9,WUS,C,0.13,0.34,0.13,0.166080473802105,0.0625475157081287,0.167599436880137,0.0637285589170985,0.17121813045279,0.0658095491642714,0.19531631144366,0.077328894708045,B,0.13,0.27,0.088,0.13249552981878,0.0432331661280637,0.133627537087364,0.0440626366993353,0.136402553408592,0.0455254228116752,0.155300764204436,0.0531080563527785,D,0.13,0.43,0.24,0.238800184986346,0.11958943867197,0.242140143414751,0.121696136768057,0.248716661138244,0.125670842012404,0.289075092887313,0.148401346881288
Charlotte NC,-80.85,35.25,CEUS,B,0.088,0.18,0.075,0.0864454450594166,0.0322482201944902,0.0866027075857325,0.0318799417370035,0.0877998883831695,0.031787495292535,0.0974417801841932,0.0330410095673797,A,0.088,0.16,0.058,0.0745464289359627,0.0253697362435319,0.0746407468088681,0.0250138039428528,0.0756320943064607,0.024913015941708,0.0837696986870876,0.0257098886157145,B,0.088,0.22,0.12,0.110068621180225,0.0527646783023657,0.110445697738864,0.0521009114641425,0.112185572963334,0.0519582752781732,0.125392982170286,0.0546209830022093
Fargo ND,-96.8,46.9,CEUS,A,0.015,0.044,0.013,0.0147854627083614,0.00360537900427565,0.0144921093076157,0.00306256901725741,0.0142331236009871,0.00254880674709824,0.0132474736438957,0.00125692434679687,A,0.015,0.037,0.01,0.0122900740314291,0.00203233816964933,0.0119875268862966,0.00158862911224167,0.0116888096429557,0.00120140974424941,0.0102385643304213,0.00040959095048749,A,0.015,0.056,0.022,0.0194377145732532,0.00768986929197868,0.0191857967117352,0.00722524715109894,0.0190301584548192,0.00675434080709188,0.0187097193561658,0.00520259983638818
Omaha NE,-96,41.25,CEUS,A,0.05,0.06,0.049,0.0272788388932694,0.0168253791779619,0.0271469605148489,0.016516384381536,0.0272662120838975,0.0163144068263017,0.028648592168062,0.015911941861043,A,0.05,0.052,0.038,0.0233113757397572,0.0126932276355135,0.0231720736939928,0.0123997170631117,0.0232667360079266,0.0121795783001918,0.0243104547852676,0.0113419269432815,B,0.05,0.08,0.074,0.0366216828495359,0.0271632722391954,0.0364580689584917,0.0266993922104658,0.0366803182268222,0.02650105892716,0.039324028580849,0.0271073458330797
Manchester NH,-71.45,43,CEUS,B,0.069,0.26,0.059,0.0979920872565961,0.0230013320671325,0.097716214011866,0.0228905092648783,0.0984868893505409,0.0230547008702307,0.107023519948043,0.0246065305251197,B,0.069,0.23,0.046,0.0851468544308455,0.018554742038323,0.0848558157905119,0.0184605515104716,0.085509942644845,0.0184995371876661,0.0926848315008052,0.0190160654621126,B,0.069,0.27,0.097,0.121196844964133,0.0377932066335172,0.121089416530018,0.0376521546256799,0.122353354523273,0.0379119156398626,0.134064757216605,0.0407605275800191
Trenton NJ,-74.75,40.2,CEUS,A,0.046,0.15,0.039,0.0553169808839464,0.0170330049315837,0.0550609107697271,0.0169859396726158,0.0553487755220127,0.0170634756543845,0.0594946410187501,0.0175970431301126,A,0.046,0.13,0.03,0.0475676547885988,0.0127031264871888,0.0473475415811747,0.0126468945953523,0.0475743520150462,0.0126821511611652,0.0511130585809851,0.0127694920866889,B,0.046,0.17,0.064,0.0710781618566489,0.0272062806188536,0.0707912545765596,0.027188593763946,0.0712497288105377,0.0274603040649484,0.0769455355550802,0.0295518482832874
Albuquerque NM,-106.6,35.1,WUS,B,0.12,0.31,0.12,0.117158083503085,0.0428844870888362,0.116512440553839,0.0427560010518713,0.117039736766801,0.0431162101275511,0.125521768072941,0.0467175814045557,B,0.12,0.25,0.081,0.0936541339485737,0.0301645844418752,0.0931291772467627,0.0300935602569914,0.0935960732930205,0.0302995168688424,0.100465227871886,0.0322317758275417,D,0.12,0.38,0.21,0.16957985211227,0.0815685734174714,0.168914199919899,0.0813470869118415,0.170022470839171,0.0819266791262352,0.183669672271277,0.0887549064160072
Artesia NM,-104.4,32.85,WUS,A,0.036,0.064,0.034,0.0309453385383651,0.0178445633514383,0.0310847154945427,0.0178626630824375,0.0315984797149274,0.0180160243708048,0.0347010556221439,0.018882442655187,A,0.036,0.053,0.024,0.025429042703571,0.0120840169285328,0.0255168722115468,0.0120602021151914,0.0258578216148645,0.0120973766912942,0.027816642382842,0.0122382795748674,A,0.036,0.094,0.065,0.0492369823333455,0.0324069169197919,0.0496126740904614,0.0324878626861501,0.0505874598028059,0.0330093922813147,0.0564968389378356,0.0364986157785305
Las Cruces NM,-106.75,32.3,WUS,B,0.089,0.22,0.086,0.0903451440696155,0.035886933568502,0.0895958215449505,0.0358980346957529,0.0897529680775703,0.0363139026359278,0.0955345045689721,0.0395488965106673,B,0.089,0.18,0.059,0.0717188223189047,0.0249532776463181,0.0711202366586302,0.0249616405295812,0.0712421286168327,0.0252538256485634,0.0756860198748267,0.0272755320746463,C,0.089,0.3,0.16,0.13552807989646,0.0686727845912772,0.134819190361032,0.0687194917042601,0.135538273201054,0.0695020959329841,0.146559886662563,0.0763151038221932
Los Alamos National Lab NM,-106.3,35.85,WUS,C,0.16,0.39,0.15,0.128322583966398,0.0455327049080002,0.126691232694808,0.0451212188876274,0.126276174073328,0.0451806386110523,0.132232628921668,0.0478694155617948,B,0.16,0.33,0.11,0.103340216033787,0.0317793710882413,0.10199613064395,0.0315542793974865,0.101712563040835,0.0316013029162074,0.10671698150222,0.0332524819904683,D,0.16,0.45,0.27,0.1806212417864,0.0856279739943092,0.178467115157937,0.0848356855255115,0.178105140735907,0.084914115956463,0.187561491498408,0.0900254831074309
Carson City NV,-119.75,39.15,WUS,D,0.74,1.58,0.72,0.948663372628943,0.371068597416074,0.960588794927318,0.372891795305795,0.986308544459796,0.379992982665746,1.1551887749121,0.436765313130619,D,0.74,1.4,0.5,0.808517423432938,0.257304222585746,0.81568652410512,0.258501691321924,0.834237607071603,0.26328802375628,0.965058524919825,0.302273321336804,D,0.74,1.53,1.15,1.02876187576214,0.634581889638116,1.05737752428405,0.641262686483318,1.10338737754891,0.657545388870422,1.36063985814533,0.771828611284976
Elko NV,-115.75,40.85,WUS,C,0.15,0.38,0.15,0.180246754799093,0.0685254213243309,0.179968140755142,0.0693013717124488,0.181692418625219,0.0709260085371368,0.19924186156052,0.081581109686824,B,0.15,0.31,0.1,0.144118630471149,0.047411406088141,0.14381223156346,0.0479518531706608,0.145092422301474,0.0490872919040674,0.158723492408852,0.0562655691086475,D,0.15,0.47,0.27,0.254705102861974,0.129866841994817,0.255747153633426,0.131487384608381,0.259925434340033,0.134947009503844,0.291517412737062,0.156153638463468
Las Vegas NV,-115.15,36.2,WUS,C,0.2,0.49,0.19,0.179316142841981,0.0858745288892846,0.181803485330149,0.0885146254381025,0.186913229841856,0.0923590316177947,0.219021496601278,0.114198297799974,C,0.2,0.42,0.13,0.142879315010276,0.0594653663436213,0.14481923123714,0.0611175708700181,0.148790080020117,0.0638344880377576,0.174062953607222,0.078737893079727,D,0.2,0.54,0.34,0.263789864641762,0.16387755221994,0.270145423000836,0.169157230252621,0.280692322874006,0.177153463984057,0.341499362483934,0.219965643416759
Reno NV,-119.8,39.55,WUS,D,0.54,1.1,0.52,0.793519497507104,0.295269857279512,0.813778341908227,0.300526311068052,0.84678546044826,0.310389271461792,1.03027292372621,0.371041414848396,D,0.54,0.92,0.36,0.662517777725056,0.204387982361827,0.677390709148091,0.20802220961714,0.702690239883539,0.214768874463499,0.847211557378876,0.256514164633006,D,0.54,1.09,0.88,0.916052488027626,0.520575331940055,0.950875673053128,0.532291623539676,1.0020787291059,0.55250860724094,1.27222419353756,0.671138235590933
Batavia NY,-78.2,43,CEUS,A,0.043,0.13,0.037,0.0477363330817801,0.0162447419422763,0.047791566212747,0.0162159162059912,0.0484241989493291,0.0163092149891998,0.0536151784072914,0.016843254066542,A,0.043,0.12,0.029,0.0411676452598244,0.0121403542037948,0.0412125726842852,0.0120837359239724,0.0417587125006762,0.0120815379382921,0.0458729580833523,0.0120631886538103,A,0.043,0.15,0.061,0.0620259671086827,0.0259520942705803,0.0621495419082659,0.0259703428439771,0.0629958112715877,0.026286375346913,0.0699623486987821,0.028502061967163
Malone NY,-74.3,44.85,CEUS,B,0.087,0.32,0.075,0.140717254531932,0.0301562411156752,0.141235059961621,0.0300860662140331,0.143355721497027,0.030306605225627,0.159259667068813,0.0323715920273612,B,0.087,0.29,0.058,0.123000392579853,0.0233137153997913,0.123368769512595,0.023243253202974,0.125129101591587,0.0234538666942267,0.138602270672088,0.0251780378417335,C,0.087,0.34,0.12,0.170792641391592,0.048793340298331,0.171878464642964,0.0486924754378516,0.174968840826417,0.0491105708668327,0.196434461949838,0.0533229960868094
New York NY,-74,40.75,CEUS,B,0.051,0.19,0.043,0.0652023170394982,0.0176135030912748,0.0647870640410349,0.017548273059171,0.0650051906149936,0.0176102949554247,0.0695896787783507,0.0181299595325669,A,0.051,0.17,0.034,0.056334441275593,0.0133011812228535,0.0559668484322434,0.0132231488719345,0.056135728858298,0.0132383495287241,0.0599669589522225,0.0132937286677884,B,0.051,0.21,0.071,0.0826754386664655,0.0281003024049492,0.0822255843324621,0.0280495012670654,0.0826117900986434,0.0282863163628947,0.0889282958673697,0.0302991078543124
Columbus OH,-83,39.95,CEUS,A,0.068,0.11,0.062,0.053586442230343,0.0253288519942594,0.0538127694938751,0.0250762551348262,0.054641031708329,0.0251022541490771,0.0608996989886311,0.026380542691223,A,0.068,0.096,0.048,0.0459802841630401,0.0199713958260923,0.0461571294787185,0.0198014165688152,0.0468275164404856,0.0197792644846769,0.0521199407215769,0.0202384486250256,B,0.068,0.14,0.096,0.069763659158479,0.0412316077172123,0.0701276947882379,0.0408880093208137,0.0713152184955691,0.0409510297683661,0.0798930800876282,0.0435817007326593
Sidney OH,-84.15,40.3,CEUS,B,0.084,0.23,0.072,0.0728346067911325,0.0290539705870746,0.0724022918731283,0.028698699754297,0.0727006216072577,0.028618523241257,0.0780786360248852,0.0296813463850098,B,0.084,0.21,0.056,0.0630728380621414,0.0223579268454732,0.0626853987993614,0.0221243791876536,0.0629302487366662,0.0220584396376812,0.0673717270495775,0.0225791327368368,B,0.084,0.24,0.12,0.0916273867332763,0.0472087210108834,0.0911579460113195,0.0466046922144532,0.0916305008501225,0.0464904965597125,0.0990135926933589,0.0489210902764595
Youngstown OH,-80.65,41.1,CEUS,A,0.05,0.082,0.046,0.0363184791513042,0.0196381945000766,0.0365308017811707,0.0195405647757662,0.0371369006323115,0.0195903583802964,0.0413315909108999,0.0202653223805995,A,0.05,0.071,0.036,0.0309458657187735,0.0153639775635569,0.0311595003540798,0.0152441313601984,0.0317682762265135,0.0152346538432342,0.0352525433012419,0.0153815552466782,B,0.05,0.1,0.07,0.0474802714365519,0.0314964649441157,0.0477777136502337,0.0313666595920758,0.0487212538610016,0.0315337592278349,0.0548516683457573,0.0338738776630791
Elgin OK,-98.3,34.8,CEUS,D,0.19,0.53,0.16,0.0673127879356787,0.0233863881482144,0.0671277226865812,0.0229810880206005,0.0676084362893753,0.0228123832632527,0.0723608650790761,0.0231891599336713,D,0.19,0.53,0.13,0.0580560602079398,0.0186910771674489,0.0578913621241526,0.0184133576459435,0.0583092034750563,0.0182486171395868,0.062424418231314,0.0180046968030297,D,0.19,0.38,0.25,0.0858299258708847,0.0384358008832107,0.0855657977935491,0.0378700262137574,0.0861079144637571,0.0376551978848977,0.09182746597418,0.038824476696355
Oklahoma City OK,-97.5,35.5,CEUS,B,0.082,0.23,0.07,0.0812885726109019,0.0261605468047473,0.0803157342870432,0.0256055185173585,0.0800528363255798,0.0252879421638365,0.083165719833637,0.0253702701713886,B,0.082,0.2,0.054,0.0705833221832987,0.0204632018768029,0.0697014920204123,0.020089636522388,0.0694439070849505,0.0198487698994273,0.0720632602876751,0.0195490948778662,B,0.082,0.25,0.11,0.101218070203706,0.0423026534695246,0.100151020298399,0.0415103835508663,0.0999753019064646,0.0410777745576082,0.104579040568048,0.0417770366081443
Astoria OR,-123.85,46.2,PNW,D,0.7,1.22,0.65,0.431925275912355,0.17663390127162,0.42200952477482,0.170220414775776,0.417119676942638,0.166167554460282,0.432785489893681,0.167688667785688,D,0.7,0.99,0.47,0.34514463439032,0.128177886969789,0.336164210652913,0.123226359302628,0.331227240230467,0.120029310778349,0.340494583719891,0.120243518359185,D,0.7,1.37,0.96,0.476606046994045,0.272777321817764,0.467722596236532,0.264822375740723,0.464977120680101,0.260547942352327,0.494017435969833,0.269311582135581
Bend OR,-121.3,44.05,PNW,C,0.16,0.31,0.16,0.148013746346973,0.0714373607525363,0.148021247591586,0.0715634108233659,0.149658309077295,0.0724948064815811,0.163983094994224,0.0808158955823501,B,0.16,0.24,0.11,0.116775924367384,0.0505486845034306,0.116776324326523,0.0505635559467621,0.118012024980916,0.051140838382012,0.129194188185787,0.0566539021253332,D,0.16,0.38,0.29,0.208022231032857,0.126858180630571,0.209605328245827,0.127721300571065,0.213769910960255,0.130138443211306,0.241468645426997,0.147190532917045
Brookings OR,-124.25,42.05,PNW,E,1.02,1.84,0.94,0.826298726641869,0.368743320893341,0.808224479576058,0.358121933219476,0.798803943701557,0.352007265868256,0.829155895483465,0.364775502560815,E,1.02,1.57,0.68,0.69590788254289,0.264701888671247,0.678836264857433,0.256488853891896,0.668847214387932,0.251469997835964,0.686587969531721,0.258454428408262,E,1.02,1.99,1.38,0.909049630574585,0.581904436531245,0.900226191484855,0.570587455976228,0.90346928708485,0.567263068859446,0.996994719547441,0.611338420657888
Coos Bay OR,-124.2,43.4,PNW,E,0.84,1.48,0.78,0.548001367315932,0.254636860841449,0.523483975907627,0.242707122552417,0.503750755644814,0.233941806889993,0.47630328607744,0.22826315829826,E,0.84,1.22,0.56,0.45517895161521,0.184582375139754,0.433872214217236,0.175465073146623,0.416480296107175,0.168608675891263,0.390300288876361,0.162789425819733,E,0.84,1.66,1.14,0.627749131644229,0.398417062603434,0.606121393577674,0.38386897062189,0.591623898737785,0.374653970149679,0.595583794035613,0.381115892897329
Eugene OR,-123.1,44.05,PNW,D,0.38,0.65,0.36,0.234215803825673,0.118356052522383,0.227649196968894,0.115267268376575,0.22353277676904,0.113689120903788,0.22579121984984,0.11827246433946,D,0.38,0.51,0.27,0.186268892431253,0.085374330249704,0.18086706060496,0.0828424273182027,0.177390253052407,0.0814933197862035,0.178613634250161,0.0839318410292319,D,0.38,0.76,0.55,0.299648948286189,0.194133099848342,0.294953431671258,0.191105755582157,0.293855172537858,0.190655172301119,0.312664766384296,0.204688913487837
Hillsboro OR,-123,45.5,PNW,D,0.4,0.75,0.37,0.32523102691661,0.138447265711803,0.320678659176532,0.135377043772178,0.319636756251551,0.133894465919496,0.338056502071343,0.139340947701601,D,0.4,0.59,0.27,0.259240319603346,0.0993361732808696,0.255252010351929,0.0969743541233568,0.254068295725967,0.0957326776689864,0.267406209203954,0.0989962154205168,D,0.4,0.83,0.57,0.393484337615926,0.226503612491855,0.390313208444852,0.222844076382106,0.391818310819995,0.221940480369845,0.425006419385679,0.235780669670275
Klamath Falls OR,-121.8,42.2,PNW,D,0.39,0.84,0.37,0.370329457177535,0.153031773603925,0.367599758918422,0.152810799814557,0.368963908576678,0.154692570078617,0.39907008026374,0.173671266984672,D,0.39,0.73,0.26,0.30102082762857,0.107608806362714,0.298574072456227,0.107334087908305,0.299378272586324,0.10847756167382,0.322496056439196,0.121203133320337,D,0.39,0.87,0.61,0.457872929517466,0.26699653960515,0.458681807630383,0.268130733733282,0.46560652377974,0.273018417235972,0.526294613856084,0.312833444442643
Medford OR,-122.9,42.35,PNW,D,0.34,0.57,0.33,0.234080219022677,0.126562772806438,0.233932844351421,0.127700981255199,0.237062546321249,0.130880239894128,0.268587212660693,0.154464670294345,D,0.34,0.45,0.24,0.185273880802722,0.0901556445323341,0.184946574842214,0.0906724202118339,0.187261182200487,0.0925932591746279,0.211423935427642,0.108533051474516,D,0.34,0.69,0.51,0.320647695170473,0.219360081280205,0.325982214567411,0.223387557714617,0.336760401912985,0.231230533529892,0.406091171534681,0.280036482867242
Newport OR,-124.05,44.65,PNW,E,0.8,1.5,0.74,0.606588213075738,0.265302553867332,0.581802627012052,0.252659415046169,0.561614390898313,0.24231491533209,0.527050641951239,0.225674701534174,E,0.8,1.25,0.54,0.50473840466923,0.191515424802268,0.483212364919516,0.182133640005724,0.465534731559878,0.174406710575828,0.434135787368652,0.161446327832148,E,0.8,1.6,1.1,0.670725436699778,0.413004295069204,0.647132963610723,0.395435816291573,0.629217439680323,0.381700260218116,0.609416223807224,0.364923033543394
Pendleton OR,-118.8,45.7,PNW,B,0.11,0.27,0.11,0.119544023303274,0.051280083265465,0.119776490568059,0.0517620578736559,0.121398975344701,0.0528804751887202,0.134253052003322,0.0603437818001774,B,0.11,0.22,0.073,0.0949939548041943,0.0359418955633777,0.095145067873262,0.0362981612672362,0.096377324995931,0.0371002882052379,0.106330272818316,0.0416552104708031,C,0.11,0.35,0.19,0.174494687335169,0.0949368086179576,0.175574861975802,0.0962204915531762,0.178925359182799,0.0986830024589305,0.202904524219588,0.113393285004623
Portland OR,-122.65,45.5,PNW,D,0.36,0.71,0.33,0.318807581388345,0.13282579793452,0.31588774984473,0.130684126041133,0.316465862742829,0.130049819912458,0.339694511698966,0.137542150365675,D,0.36,0.57,0.24,0.253949053071496,0.09493883695302,0.251411506514381,0.0931778459604704,0.25160851665004,0.0925251601962446,0.269001273840938,0.0974070500121548,D,0.36,0.77,0.52,0.388100382944656,0.220734938179908,0.386797502489027,0.21831330345536,0.390126791284886,0.218515166164254,0.429106636008464,0.235317118293291
Salem OR,-123.05,44.95,PNW,D,0.39,0.73,0.36,0.306552968170887,0.133756476267936,0.300168920932807,0.130307649517533,0.296837975679826,0.128341090574186,0.304823445707899,0.131442012201822,D,0.39,0.57,0.27,0.2444229647838,0.0961553226219238,0.239173354353989,0.093427999807265,0.236288093637655,0.0917941333319287,0.24191758510973,0.0933693803937085,D,0.39,0.81,0.56,0.374840490903403,0.218255805864965,0.369991739662618,0.214180201233808,0.369209487271168,0.212631211385317,0.391517578593718,0.223485546342817
Philadelphia PA,-75.15,39.95,CEUS,A,0.045,0.14,0.039,0.0530082106405498,0.0168146453602507,0.0527386129932884,0.0167625018235453,0.0530124043831432,0.0168328904158537,0.0567425746027298,0.0173257070426021,A,0.045,0.13,0.03,0.0456423196455782,0.0124910290406127,0.045410133326499,0.0124499435069467,0.0456243790837423,0.0124669041033269,0.0487028683000382,0.012511270999035,A,0.045,0.17,0.064,0.0680705184108679,0.0268656798354234,0.0677632242521027,0.0268410214405109,0.0682006487263201,0.0271048967809345,0.0736005421008486,0.0291561589393883
Pittsburg PA,-80,40.45,CEUS,A,0.049,0.075,0.046,0.0357714015501768,0.0197765921239459,0.0360925520427451,0.0196827962547475,0.0368149444813749,0.0197377936273999,0.0413840398635586,0.0204427258386359,A,0.049,0.065,0.036,0.0303442784047005,0.0155045626556222,0.0306755426563672,0.0153880902312795,0.0314111693947906,0.0153832495016757,0.0352709356920354,0.0155560494544022,B,0.049,0.095,0.07,0.0469059249955696,0.0317229613981915,0.0473391970483511,0.0315980384044135,0.0483579518290268,0.0317701923062924,0.0550573079084632,0.0342201628345008
Providence RI,-71.4,41.8,CEUS,A,0.048,0.14,0.041,0.0599178325394902,0.0176274791392851,0.0600793583780267,0.0175592899503217,0.060922417742741,0.0176206548120406,0.0671756890993316,0.018152979295245,A,0.048,0.12,0.032,0.0515952712245921,0.013320560608255,0.0517206082175572,0.0132375410339822,0.0524234908497664,0.01325006305596,0.057596215996733,0.0133116760967781,B,0.048,0.17,0.067,0.0772798977738769,0.0281643553278604,0.0775583849741426,0.0281058576813351,0.0787318713802864,0.0283394977837087,0.0873608864951665,0.0303744743692558
Charleston SC,-79.95,32.8,CEUS,D,0.38,1.01,0.33,0.294366710953835,0.0624951672218366,0.284192706927794,0.0607120151965068,0.276175863547285,0.0593803941939395,0.263980789586667,0.0579738843431705,D,0.38,1,0.25,0.270671885860233,0.0487550030372792,0.261055428353173,0.0473175906430509,0.253371662536294,0.0462435966319844,0.241045865756692,0.0450271131707818,D,0.38,0.76,0.51,0.293373406728088,0.0999403459730874,0.284615191655156,0.0970334412553763,0.278175953679235,0.0948812604886059,0.271691069276922,0.0928661940649049
Edgemont SD,-103.85,43.3,CEUS,A,0.039,0.14,0.033,0.0558526423798724,0.013472853886938,0.0558902795178914,0.0134114910291544,0.056496559578348,0.0134467501902464,0.0620538984928089,0.0135801343193396,A,0.039,0.12,0.026,0.0479501889737915,0.010549965736342,0.0479739014040335,0.0103328006023995,0.0485683487583259,0.0101376158723505,0.0532495027677676,0.00941184408258753,A,0.039,0.16,0.055,0.072149247020803,0.0219121308487536,0.0722550140755705,0.0218957382676237,0.0731389353034513,0.0220505224837736,0.0805937477352358,0.0236098415870776
Platte SD,-98.85,43.4,CEUS,A,0.03,0.12,0.026,0.0376339578726779,0.00979137197157285,0.0371489122334845,0.00949052467077302,0.0369727434575189,0.00919810005033333,0.0379417783208234,0.00814017497047321,A,0.03,0.1,0.02,0.0324006096308747,0.0074666860004046,0.0319193858906841,0.00700181516166752,0.0317366932225275,0.00653183481759287,0.0324824031234375,0.00499751105424324,A,0.03,0.13,0.042,0.0487169019254997,0.0164165204620451,0.0480177189141001,0.0163255272338052,0.0478214225915393,0.0163490246691668,0.0496137863446513,0.016639511926017
Sioux Falls SD,-96.75,43.55,CEUS,A,0.037,0.062,0.037,0.025570158940969,0.0122858230673408,0.0253986835840442,0.012044907706856,0.0254447707329071,0.0118317006186645,0.0263445484710194,0.011017119979746,A,0.037,0.054,0.029,0.0216102000413552,0.00947413973512443,0.0214407349455537,0.00906337917925898,0.0214736747471522,0.0086543311078909,0.0221012340413767,0.00723728732864438,A,0.037,0.079,0.055,0.0335832566815685,0.0206256270542471,0.0333709977058626,0.020357302112703,0.0334814276158032,0.0202322494269612,0.0352525435703687,0.0203576417535144
Chattanooga TN,-85.25,35.05,CEUS,C,0.13,0.34,0.11,0.156365314828672,0.0468624974022871,0.156732265254336,0.0462981828039684,0.158892251519238,0.0462179641601172,0.175883227934553,0.0486902794807011,B,0.13,0.31,0.087,0.13675201956537,0.0365598381415189,0.136967158800496,0.0361151907032402,0.138704999464599,0.0360496671634014,0.153192568322489,0.0378450797274292,C,0.13,0.36,0.18,0.189501010836569,0.076102174256071,0.190448456257191,0.0751928895539385,0.193629678853193,0.075083726015505,0.216673607354609,0.079425730840007
Knoxville TN,-83.9,35.95,CEUS,C,0.13,0.37,0.11,0.17003253963662,0.0463384809163427,0.170672520005331,0.0459509085608484,0.173185985923763,0.0460485932451957,0.192211281407762,0.0490074654312638,C,0.13,0.34,0.083,0.149281387335135,0.036155819979024,0.149734082566888,0.0358484537163281,0.151851695523368,0.0359217697463292,0.168026825897474,0.0381024734959516,C,0.13,0.39,0.17,0.20286548600718,0.0751662143522261,0.204322435260464,0.0745464738898898,0.20811729873319,0.0747290990180715,0.233784787948371,0.0798594055615034
Maryville TN,-84,35.75,CEUS,D,0.14,0.51,0.12,0.205554979275687,0.0510223177218141,0.205115893485802,0.0506000723361448,0.206875850866496,0.0506522793779722,0.225166838254469,0.0536347703673223,C,0.14,0.48,0.095,0.182632940396947,0.0398381148983662,0.182046427714774,0.0395046588962408,0.183367071918805,0.0395430072329005,0.198780318598349,0.0416421623559918,C,0.14,0.48,0.2,0.234446418689824,0.0825478667419578,0.23506319866769,0.0818715368663227,0.238320285928037,0.0819839972964721,0.263856023059081,0.0873129059350478
Memphis TN,-90.05,35.15,CEUS,D,0.35,0.84,0.3,0.318124220978982,0.0860432838725237,0.30949034787153,0.0827145150213704,0.30433255158452,0.0803514660169833,0.309519128636902,0.0782642142349877,D,0.35,0.79,0.24,0.287948631114683,0.0669609615972646,0.279623044902475,0.0643858298136332,0.274363977582927,0.0624573920531831,0.277053103502736,0.0608212252340656,D,0.35,0.75,0.48,0.339004228329566,0.137651257217816,0.332395338179456,0.132464592752151,0.329733596823553,0.128760203046218,0.345295373461408,0.125827420636779
Amarillo TX,-101.85,35.2,CEUS,A,0.037,0.13,0.032,0.0428715069245261,0.0108522568169093,0.0421717492237066,0.0105801875462203,0.0418571623063732,0.010321768364241,0.0428860575001262,0.00935017437716496,A,0.037,0.11,0.025,0.0368710645557156,0.00833406406967012,0.0363020105595016,0.00788576418349168,0.0360383597468043,0.00743313578951809,0.0367092095996798,0.00591315222513168,A,0.037,0.15,0.052,0.055250815431353,0.0183420938019141,0.0544245407076431,0.0181743228627925,0.0540797159395908,0.0181302668288332,0.0556872460220164,0.0183266189432495
Dallas TX,-96.8,32.8,CEUS,A,0.059,0.087,0.055,0.0382099664117477,0.0190988535349057,0.0379799525295725,0.0186839527401725,0.0380904798665069,0.0183899007064147,0.0403588491491664,0.0178307088335818,A,0.059,0.075,0.043,0.0328884378150305,0.014849493612726,0.0326501281515933,0.0144464044056599,0.0327453794766748,0.0141239526072895,0.0345190797305733,0.0132095276218652,B,0.059,0.11,0.084,0.0501785992448445,0.0308500116663617,0.0498593570769757,0.0301924379567199,0.0500659770967108,0.0297996868010473,0.053454957556422,0.0299174075431561
Houston TX,-95.35,29.75,CEUS,A,0.044,0.056,0.043,0.0222321714822364,0.013281192291291,0.0219227672324081,0.0128576614619637,0.02181049845485,0.0124981447431218,0.0220252319457036,0.0112251101478264,A,0.044,0.049,0.034,0.019207357036188,0.00994024834594699,0.0189793973952321,0.00944183522801314,0.0188482005994721,0.00894507460822477,0.0186155767899169,0.00726429550760053,A,0.044,0.072,0.065,0.0297495624805025,0.0217999067754857,0.0294297208134696,0.0213330948686423,0.0293572960690186,0.0210118732795461,0.0302881285803301,0.0205501486155997
Kermit TX,-103.1,31.85,CEUS,A,0.033,0.081,0.03,0.0296798896878168,0.0146012196722019,0.0295775063572423,0.0145439844226715,0.029725380260969,0.0145909491705711,0.0316253310602779,0.0148470391511112,A,0.033,0.069,0.022,0.0248011582082119,0.0102996456460684,0.0246720531037753,0.0100880238642848,0.0247719081400467,0.0098970129338461,0.0258396264876723,0.00918333530564133,A,0.033,0.1,0.057,0.0430531851534069,0.0269584784810264,0.0431589062532958,0.0269259171683801,0.0437309657843605,0.0271705315316389,0.0477443633564444,0.0291054442495449
San Antonio TX,-98.5,29.4,CEUS,A,0.022,0.039,0.019,0.013711532882123,0.00478288665706239,0.0133980276554202,0.00422329240175709,0.013107075638475,0.00367528663466537,0.0119668630466888,0.00215157358965175,A,0.022,0.033,0.015,0.0113474219456609,0.00306826778033498,0.0109986871786922,0.00256970710572435,0.0106110641094595,0.00210281040023258,0.0089471585457355,0.000969249535813055,A,0.022,0.05,0.031,0.0183314922618229,0.00942600292839454,0.0180510509290249,0.0089552614012218,0.0178489988038651,0.00847926276187499,0.0172854883564725,0.00684797753601903
Snyder TX,-100.9,32.7,CEUS,A,0.03,0.056,0.025,0.0215101479660734,0.00841327858885202,0.0213530818506789,0.00792994063059161,0.0214033379731687,0.00744184962293275,0.0220897909962204,0.00581932524772603,A,0.03,0.048,0.02,0.0187549111279157,0.00604191983810182,0.0186173727556372,0.00549024737174732,0.0185769531147317,0.00493913200997484,0.0186230837101833,0.00328509396663528,A,0.03,0.072,0.042,0.0287429475379484,0.0146817352657442,0.0285936809359889,0.0143906582464277,0.0286818074983577,0.0141830178947137,0.0299349890691921,0.0135953693551272
Brigham City UT,-112,41.5,WUS,D,0.53,1.02,0.48,0.424891530600114,0.165837697530319,0.422321291419464,0.165291925628957,0.424637821059863,0.166696190334843,0.461590565273499,0.182657515915974,D,0.53,0.9,0.36,0.351070123595634,0.122311471905303,0.348491845282065,0.121887021372122,0.349881418134047,0.122848955847415,0.378317101991732,0.134519938522304,D,0.53,0.99,0.75,0.517718623288951,0.28450725940992,0.519130902437499,0.284334456339039,0.527220935342867,0.287610723284298,0.592665475762608,0.318487133572393
Cedar City UT,-113.05,37.7,WUS,C,0.2,0.48,0.19,0.203410536611009,0.0734663960548038,0.202231153586641,0.0738534504956449,0.203434515293402,0.0752224100112643,0.221384971016776,0.084925439249544,C,0.2,0.4,0.13,0.163703230409945,0.0508979273754067,0.162692688215465,0.0511281710682302,0.163530243240651,0.0519449201902215,0.177585724766575,0.058724825049458,D,0.2,0.56,0.34,0.278972895126947,0.138720714165593,0.278924932257248,0.139575960610633,0.282343718868524,0.142168740012395,0.314333739490818,0.161412913530351
Green River UT,-110.15,39,WUS,B,0.065,0.19,0.06,0.0874361609537583,0.0328996891918555,0.0884059076619204,0.0335511819161131,0.0904564256577822,0.034647015984317,0.103438063207536,0.039898649806678,A,0.065,0.17,0.043,0.073549346950117,0.0235861007509977,0.0742249570644593,0.0240599608160099,0.0758667838943538,0.0248435068688148,0.0864680558354571,0.0283392394286807,B,0.065,0.22,0.11,0.11716419425924,0.0616848650836079,0.118796973782776,0.0626710579992678,0.122033396224978,0.0646566884224066,0.141193544500912,0.0748921427252549
Provo UT,-111.65,40.25,WUS,D,0.57,1.02,0.51,0.362047638310107,0.147322944185977,0.357067596339924,0.145680284502693,0.355544536846203,0.145518313070917,0.371944550681209,0.153979204530209,D,0.57,0.91,0.38,0.29888125433828,0.108770473641208,0.294683999567537,0.107543904890394,0.293269731197846,0.107393879000267,0.30599756547585,0.113455467817021,D,0.57,0.99,0.78,0.44789403719725,0.253280375695621,0.443943305060573,0.250886659964554,0.444863074362492,0.251110559809378,0.476980869759987,0.267858499163377
Salt Lake City UT,-111.9,40.75,WUS,D,0.62,1.18,0.56,0.453413311996126,0.186952069786149,0.442043397568535,0.182761804653631,0.435534946246589,0.180680021262563,0.444838886572196,0.186586260581176,D,0.62,1.06,0.41,0.379969127342366,0.138039372580353,0.369856737174751,0.134934494094741,0.363732574511333,0.133311919025101,0.369138924585065,0.137547848340627,D,0.62,1.12,0.85,0.531802984252027,0.313467894749764,0.523705755242534,0.307652108446266,0.521934477320345,0.305334541590793,0.554067155301503,0.319531628029721
Blacksburg VA,-80.4,37.25,CEUS,B,0.075,0.19,0.065,0.0778441463707107,0.028744446210276,0.0780104204139827,0.0285126739146792,0.0790575966634863,0.0285524731528344,0.0872769860805056,0.0299451926164123,B,0.075,0.17,0.05,0.0671946145426365,0.0221417477646693,0.0673227511612905,0.0219919405641576,0.0682291718598193,0.0220057860465017,0.075102075152187,0.0228331187568299,B,0.075,0.22,0.11,0.0987982678225277,0.046690875843192,0.0991241520819722,0.0463009589770913,0.100545463880666,0.0463959363381087,0.111648839396344,0.0493686635076788
Richmond VA,-77.45,37.55,CEUS,A,0.053,0.17,0.045,0.0581448029344917,0.01805880835433,0.0575837719565913,0.01790717673518,0.0576166101346337,0.017880858203364,0.0609615326183978,0.0181388105299185,A,0.053,0.15,0.035,0.0502294393875478,0.0137922608864085,0.0497397116393819,0.0136255191023664,0.0497527670189525,0.0135499693367707,0.052471324703309,0.0133568688842188,B,0.053,0.19,0.074,0.0741287871082244,0.0288930217428452,0.073536413027856,0.0286922108514073,0.0736450825263243,0.0287710393213782,0.0782525416615951,0.0303131253536258
Burlington VT,-73.2,44.5,CEUS,B,0.074,0.24,0.064,0.109042816185281,0.0267261158054044,0.109759343739004,0.0266556347588451,0.111784804126911,0.0268762541937556,0.125864906968252,0.02881248838662,B,0.074,0.21,0.05,0.0945427954504828,0.0208758929707253,0.0951580300486599,0.0208234069765706,0.096910467957784,0.0209317136921569,0.108810257498343,0.0219065687211064,B,0.074,0.27,0.1,0.136403027318393,0.0429645368626564,0.137565130315776,0.0428643895377457,0.14049010833612,0.0432937596092065,0.159305159010505,0.0473898396993824
Aberdeen WA,-123.8,47,PNW,D,0.71,1.4,0.65,0.692970658602024,0.22752054814653,0.691064464465719,0.223561395719166,0.697271929851433,0.222318919561455,0.764964496725903,0.235070656168242,D,0.71,1.13,0.48,0.548573136144008,0.163815343863917,0.545453593732693,0.160801925977486,0.548731379275478,0.159725319701118,0.597088482370997,0.168155354145061,D,0.71,1.48,0.97,0.715156361880704,0.344290745048866,0.716933802991188,0.340010164325348,0.727674244055604,0.34000229673982,0.814895671206843,0.366175225419186
Bellingham WA,-122.5,48.75,PNW,D,0.32,0.84,0.3,0.498628720440866,0.158333979121269,0.50709699121533,0.159927094767174,0.522424089549221,0.163583708313546,0.611327303044483,0.187816824240833,D,0.32,0.67,0.21,0.391423966827956,0.111921847213374,0.397679386950657,0.112956330717716,0.409236118940382,0.115552507208461,0.477247181204045,0.132191371571614,D,0.32,0.87,0.48,0.560639288853992,0.263253401771789,0.574328067472723,0.266825694861532,0.596176952921597,0.273892637512822,0.713997253274395,0.317754429352667
Ellensburg WA,-120.55,47,PNW,C,0.17,0.4,0.16,0.223899252084018,0.0872319014428938,0.228113916499751,0.0887052219822011,0.235634642108738,0.0913289281863977,0.278788112414343,0.107468598148645,B,0.17,0.32,0.12,0.176249093084772,0.0612379335369738,0.17949872973257,0.0621326157624088,0.185219510479843,0.0640656658938851,0.218465608843271,0.0750975394032262,D,0.17,0.48,0.28,0.292293126422077,0.154655958869854,0.29936358580291,0.157755961316477,0.31090322119639,0.162969847939732,0.374271238349379,0.193274928293317
Everett WA,-122.2,48,PNW,D,0.47,1.01,0.42,0.600902392758945,0.214480288432214,0.611675669168017,0.21661262455572,0.630922782283775,0.221500914810861,0.742365557724837,0.254067697471127,D,0.47,0.82,0.31,0.474371413551963,0.15768079703752,0.482185465493563,0.159183605724616,0.496582720782304,0.162686517517793,0.581471427218893,0.186526230112022,D,0.47,1.01,0.65,0.654043239612207,0.340828928721691,0.671138704344892,0.345051151818891,0.698161587862006,0.353874726589043,0.843015078506396,0.409666440573429
Hanford Site WA,-119.6,46.55,PNW,C,0.14,0.33,0.13,0.157192352500474,0.0652515569433316,0.158379073627065,0.0661306652656924,0.161544965037796,0.0678754928626392,0.183404007354493,0.0784854681057421,B,0.14,0.27,0.093,0.124939912200464,0.0457221492974012,0.125763468546527,0.0462986614665427,0.128103583626774,0.0474821814609263,0.145058617380312,0.0544937726663386,D,0.14,0.41,0.24,0.218894922688021,0.11877823322335,0.221442105802781,0.120607151772534,0.22690513262402,0.124089133628161,0.263726841208369,0.144888095466696
Olympia WA,-122.9,47.05,PNW,D,0.5,1.19,0.46,0.749092251737778,0.228304493338631,0.760538986091425,0.229246697265233,0.781963036744043,0.233006762617074,0.908137957275416,0.262199497731946,D,0.5,0.9,0.33,0.587193879658859,0.164890190838265,0.59519165320209,0.165526989003338,0.610931405236764,0.168222137969816,0.706163551847744,0.189066520958615,D,0.5,1.24,0.71,0.782889640344256,0.35361525363974,0.800442282732366,0.356269160368199,0.829170991342986,0.36346987697364,0.98607317151359,0.414004293480803
Seattle WA,-122.3,47.6,PNW,D,0.66,1.16,0.6,0.707350285833078,0.315515859522873,0.720091008709222,0.317829597278464,0.742668972144318,0.324119693179426,0.872513334153641,0.368141738962989,D,0.66,0.93,0.44,0.55941637051494,0.229378533662364,0.568535825071857,0.230974846138361,0.585327509032644,0.235522117857992,0.683994144598613,0.26731342552973,D,0.66,1.14,0.92,0.748222326557416,0.493240321560916,0.768044354882149,0.498109734740151,0.79914551229352,0.50943733084857,0.964566947519295,0.584345508798171
Spokane WA,-117.4,47.65,PNW,B,0.093,0.24,0.09,0.100526269949805,0.0437522229235632,0.100636380665965,0.044377653457194,0.101843972759827,0.0455789138959458,0.112546815010804,0.0520181724433,B,0.093,0.19,0.062,0.0797975758151684,0.0305908372214541,0.0798569472712025,0.0309113894691655,0.0808087655059741,0.0315488771426311,0.089066249132124,0.0359789415652691,C,0.093,0.31,0.17,0.150236007806068,0.0821975828259297,0.151209976499162,0.08347995277918,0.15427622660813,0.0858871209899573,0.175152242536643,0.0993581073670029
Tacoma WA,-122.45,47.25,PNW,D,0.46,1.03,0.41,0.725387820147507,0.226447609196914,0.739497415625808,0.22863032692077,0.76368266723649,0.233713098212658,0.899523767671903,0.267546530020672,D,0.46,0.9,0.3,0.570676428611251,0.165865343790591,0.580898029968779,0.167450610768253,0.5989374311273,0.171127424375933,0.70226326103363,0.195823283318559,D,0.46,1.08,0.64,0.768968565425645,0.354946200993178,0.790061824722562,0.359285910564849,0.822601147722706,0.368383311710286,0.993727097755738,0.42575275361924
Yakima WA,-120.5,46.6,PNW,C,0.16,0.38,0.16,0.204962780250458,0.0817364979321197,0.208352179044969,0.0829620585010352,0.214660232403959,0.0854855216942367,0.251806227223489,0.0999194440336513,B,0.16,0.3,0.11,0.161812393946824,0.0575862751782435,0.164327904232069,0.0584030958817813,0.169192313269579,0.0599693664210855,0.197863239060248,0.0698036956769561,D,0.16,0.46,0.27,0.272416206373247,0.145972698649264,0.278277735083927,0.148626298357306,0.288125320481642,0.15327746631818,0.344192069182521,0.180785903187324
Milwaukee WI,-87.9,43.05,CEUS,A,0.054,0.066,0.052,0.0295426162150894,0.0176428535446838,0.029364239388619,0.0173105329082299,0.0294490183405324,0.0170934121997841,0.0311375212900966,0.0167019365546899,A,0.054,0.057,0.041,0.0255730654709678,0.0134697254258237,0.0253886054933593,0.0131335641157735,0.0254472654819464,0.0128759942356412,0.0265307008744225,0.0120842109219692,B,0.054,0.087,0.078,0.0394066850485878,0.0284826838307085,0.0391082666133546,0.0279733939986782,0.0393010264922184,0.0277375015089303,0.0423889464357497,0.0283087243312583
Charleston WV,-81.65,38.35,CEUS,A,0.071,0.14,0.063,0.06467031658729,0.0276684107108455,0.0651627801490226,0.027448692378989,0.0664256163831482,0.0275081063465143,0.0749157113674106,0.0289656640754843,A,0.071,0.12,0.049,0.0556178642713219,0.0214563372452299,0.0560252932004775,0.0213123337378856,0.0570393939354534,0.0213297844096241,0.0643277409507635,0.0220424575350923,B,0.071,0.16,0.1,0.0836041273094292,0.044907645955821,0.0843590175015644,0.0445363227621251,0.0862151846288354,0.0446668514745476,0.0977304328832987,0.0478338174935152
Casper WY,-106.3,42.85,WUS,B,0.052,0.2,0.045,0.0875352937285988,0.0187009953494335,0.0878787060581686,0.0186679610212066,0.0892116412362934,0.0187746736835039,0.099001807319742,0.0195409484141494,B,0.052,0.18,0.035,0.075611714811663,0.0143540270793821,0.0758942584945241,0.0143022384317085,0.077064917541411,0.0143541599889378,0.0853598344309399,0.0145999982184309,B,0.052,0.23,0.073,0.110552591736406,0.0298790442856123,0.111138881076626,0.0298758146721508,0.113084605101259,0.0301673860765367,0.126299978064679,0.0324479563168449
Cheyenne WY,-104.8,41.15,WUS,A,0.039,0.12,0.034,0.0565449421442352,0.0151897674557961,0.0569257711495015,0.0151538309580829,0.0580956269393203,0.015231118801576,0.0653051653620117,0.0156330456556922,A,0.039,0.1,0.026,0.0485200962547946,0.0114790268303605,0.048897721058253,0.0113636563006475,0.0498884198428782,0.0112899249065107,0.0559020385363884,0.0110058148445205,A,0.039,0.14,0.056,0.0737083541956147,0.0244774837599758,0.0742877185309943,0.0244791717555227,0.075796273971846,0.0247743436247749,0.085687139478769,0.0268468428344873
Jackson WY,-110.75,43.5,WUS,D,0.34,0.81,0.32,0.421702722012149,0.14381076571951,0.42626577973454,0.145804618973848,0.436699611241142,0.149781820559394,0.505026286867675,0.17487095691662,D,0.34,0.69,0.22,0.345374213169989,0.0995700479691592,0.348642515763329,0.100854063679688,0.356578793978115,0.103558258808432,0.410267444303013,0.120875641451272,D,0.34,0.87,0.56,0.527262760988895,0.264239101169415,0.53824160636162,0.268524550517554,0.557245941985438,0.27664162685854,0.666073506747271,0.325932793081695
Yellowstone WY,-110.55,44.4,WUS,D,0.38,0.92,0.37,0.563223555262574,0.199067207651854,0.569436161936863,0.199919326302279,0.583318601070003,0.203366700929566,0.673027694145098,0.230430461964915,D,0.38,0.78,0.26,0.466044031857621,0.137670114000201,0.470116518381145,0.138245072762034,0.480424032387537,0.140592873298118,0.550462954928533,0.159220645033176,D,0.38,1.01,0.65,0.673822778788675,0.357792072000073,0.689188574366877,0.360617004585191,0.714561642662149,0.368332289399947,0.854954180523343,0.42234236623455
